Source;Target;Type;Id;label;Weight
197;295;Directed;1000;1;1491
295;258;Directed;1001;1;1491
258;294;Directed;1002;1;1491
294;168;Directed;1003;1;1491
168;141;Directed;1004;1;1491
141;76;Directed;1005;1;1491
76;29;Directed;1006;1;1491
29;303;Directed;1007;1;1491
303;201;Directed;1008;1;1491
201;9;Directed;1009;1;1491
9;161;Directed;1010;1;1491
161;70;Directed;1011;1;1491
70;201;Directed;1012;1;1491
201;303;Directed;1013;1;1491
303;29;Directed;1014;1;1491
29;76;Directed;1015;1;1491
76;141;Directed;1016;1;1491
141;168;Directed;1017;1;1491
168;294;Directed;1018;1;1491
294;258;Directed;1019;1;1491
258;295;Directed;1020;1;1491
295;197;Directed;1021;1;1491
197;295;Directed;1022;2;2157
295;258;Directed;1023;2;2157
258;294;Directed;1024;2;2157
294;168;Directed;1025;2;2157
168;141;Directed;1026;2;2157
141;169;Directed;1027;2;2157
169;50;Directed;1028;2;2157
50;69;Directed;1029;2;2157
69;207;Directed;1030;2;2157
207;63;Directed;1031;2;2157
63;40;Directed;1032;2;2157
40;144;Directed;1033;2;2157
144;54;Directed;1034;2;2157
54;72;Directed;1035;2;2157
72;65;Directed;1036;2;2157
65;17;Directed;1037;2;2157
17;92;Directed;1038;2;2157
92;54;Directed;1039;2;2157
54;144;Directed;1040;2;2157
144;40;Directed;1041;2;2157
40;63;Directed;1042;2;2157
63;207;Directed;1043;2;2157
207;69;Directed;1044;2;2157
69;50;Directed;1045;2;2157
50;169;Directed;1046;2;2157
169;141;Directed;1047;2;2157
141;168;Directed;1048;2;2157
168;294;Directed;1049;2;2157
294;258;Directed;1050;2;2157
258;295;Directed;1051;2;2157
295;197;Directed;1052;2;2157
249;111;Directed;1053;3;270
111;58;Directed;1054;3;270
58;294;Directed;1055;3;270
294;231;Directed;1056;3;270
231;32;Directed;1057;3;270
32;31;Directed;1058;3;270
31;16;Directed;1059;3;270
16;177;Directed;1060;3;270
177;88;Directed;1061;3;270
88;145;Directed;1062;3;270
145;139;Directed;1063;3;270
139;145;Directed;1064;3;270
145;88;Directed;1065;3;270
88;177;Directed;1066;3;270
177;16;Directed;1067;3;270
16;31;Directed;1068;3;270
31;32;Directed;1069;3;270
32;231;Directed;1070;3;270
231;135;Directed;1071;3;270
135;58;Directed;1072;3;270
58;111;Directed;1073;3;270
111;249;Directed;1074;3;270
249;111;Directed;1075;3A;150
111;58;Directed;1076;3A;150
58;294;Directed;1077;3A;150
294;231;Directed;1078;3A;150
231;32;Directed;1079;3A;150
32;31;Directed;1080;3A;150
31;16;Directed;1081;3A;150
16;177;Directed;1082;3A;150
177;88;Directed;1083;3A;150
88;145;Directed;1084;3A;150
145;139;Directed;1085;3A;150
139;96;Directed;1086;3A;150
96;210;Directed;1087;3A;120
210;95;Directed;1088;3A;120
95;255;Directed;1089;3A;120
255;88;Directed;1090;3A;120
88;177;Directed;1091;3A;120
177;16;Directed;1092;3A;120
16;31;Directed;1093;3A;120
31;32;Directed;1094;3A;120
32;231;Directed;1095;3A;120
231;135;Directed;1096;3A;120
135;58;Directed;1097;3A;120
58;111;Directed;1098;3A;120
111;249;Directed;1099;3A;120
249;111;Directed;1100;4;300
111;58;Directed;1101;4;300
58;294;Directed;1102;4;300
294;135;Directed;1103;4;300
135;194;Directed;1104;4;300
194;66;Directed;1105;4;300
66;45;Directed;1106;4;300
45;218;Directed;1107;4;300
218;30;Directed;1108;4;300
30;98;Directed;1109;4;300
98;135;Directed;1110;4;300
135;58;Directed;1111;4;300
58;111;Directed;1112;4;300
111;249;Directed;1113;4;300
249;111;Directed;1114;5;444
111;191;Directed;1115;5;444
191;190;Directed;1116;5;444
190;197;Directed;1117;5;444
197;291;Directed;1118;5;444
291;98;Directed;1119;5;444
98;194;Directed;1120;5;444
194;66;Directed;1121;5;444
66;45;Directed;1122;5;444
45;218;Directed;1123;5;444
218;16;Directed;1124;5;444
16;177;Directed;1125;5;444
177;88;Directed;1126;5;444
88;145;Directed;1127;5;444
145;139;Directed;1128;5;444
139;171;Directed;1129;5;444
171;172;Directed;1130;5;444
172;139;Directed;1131;5;338
139;145;Directed;1132;5;338
145;88;Directed;1133;5;338
88;177;Directed;1134;5;338
177;16;Directed;1135;5;338
16;30;Directed;1136;5;338
30;98;Directed;1137;5;338
98;291;Directed;1138;5;338
291;197;Directed;1139;5;338
197;190;Directed;1140;5;338
190;191;Directed;1141;5;338
191;111;Directed;1142;5;338
111;249;Directed;1143;5;338
249;111;Directed;1144;5A;74
111;191;Directed;1145;5A;74
191;190;Directed;1146;5A;74
190;197;Directed;1147;5A;74
197;291;Directed;1148;5A;74
291;98;Directed;1149;5A;74
98;194;Directed;1150;5A;74
194;66;Directed;1151;5A;74
66;45;Directed;1152;5A;74
45;218;Directed;1153;5A;74
218;16;Directed;1154;5A;74
16;177;Directed;1155;5A;74
177;88;Directed;1156;5A;74
88;145;Directed;1157;5A;74
145;139;Directed;1158;5A;74
139;145;Directed;1159;5A;150
145;88;Directed;1160;5A;150
88;177;Directed;1161;5A;150
177;16;Directed;1162;5A;150
16;30;Directed;1163;5A;150
30;98;Directed;1164;5A;150
98;291;Directed;1165;5A;150
291;197;Directed;1166;5A;150
197;190;Directed;1167;5A;150
190;191;Directed;1168;5A;150
191;111;Directed;1169;5A;150
111;249;Directed;1170;5A;150
197;190;Directed;1171;10;208
190;191;Directed;1172;10;208
191;111;Directed;1173;10;208
111;249;Directed;1174;10;208
249;107;Directed;1175;10;208
107;169;Directed;1176;10;208
169;117;Directed;1177;10;208
117;29;Directed;1178;10;208
29;196;Directed;1179;10;208
196;71;Directed;1180;10;208
71;70;Directed;1181;10;208
70;161;Directed;1182;10;208
161;266;Directed;1183;10;208
266;222;Directed;1184;10;208
222;12;Directed;1185;10;208
12;72;Directed;1186;10;208
72;65;Directed;1187;10;208
65;208;Directed;1188;10;208
208;143;Directed;1189;10;208
143;126;Directed;1190;10;208
126;143;Directed;1191;10;67
143;208;Directed;1192;10;67
208;17;Directed;1193;10;67
17;65;Directed;1194;10;67
65;72;Directed;1195;10;67
72;12;Directed;1196;10;67
12;222;Directed;1197;10;67
222;266;Directed;1198;10;67
266;161;Directed;1199;10;67
161;71;Directed;1200;10;67
71;196;Directed;1201;10;67
196;29;Directed;1202;10;67
29;117;Directed;1203;10;67
117;169;Directed;1204;10;67
169;107;Directed;1205;10;67
107;249;Directed;1206;10;67
249;111;Directed;1207;10;67
111;191;Directed;1208;10;67
191;190;Directed;1209;10;67
190;197;Directed;1210;10;67
197;190;Directed;1211;10Y;83
190;191;Directed;1212;10Y;83
191;111;Directed;1213;10Y;83
111;249;Directed;1214;10Y;83
249;107;Directed;1215;10Y;83
107;169;Directed;1216;10Y;83
169;117;Directed;1217;10Y;83
117;29;Directed;1218;10Y;83
29;196;Directed;1219;10Y;83
196;71;Directed;1220;10Y;83
71;70;Directed;1221;10Y;83
70;161;Directed;1222;10Y;83
161;266;Directed;1223;10Y;83
266;222;Directed;1224;10Y;83
222;93;Directed;1225;10Y;83
93;222;Directed;1226;10Y;83
222;12;Directed;1227;10Y;83
12;72;Directed;1228;10Y;83
72;65;Directed;1229;10Y;83
65;208;Directed;1230;10Y;83
208;143;Directed;1231;10Y;83
143;126;Directed;1232;10Y;83
126;143;Directed;1233;10Y;134
143;208;Directed;1234;10Y;134
208;17;Directed;1235;10Y;134
17;65;Directed;1236;10Y;134
65;72;Directed;1237;10Y;134
72;12;Directed;1238;10Y;134
12;222;Directed;1239;10Y;134
222;93;Directed;1240;10Y;134
93;222;Directed;1241;10Y;134
222;266;Directed;1242;10Y;134
266;161;Directed;1243;10Y;134
161;71;Directed;1244;10Y;134
71;196;Directed;1245;10Y;134
196;29;Directed;1246;10Y;134
29;117;Directed;1247;10Y;134
117;169;Directed;1248;10Y;134
169;107;Directed;1249;10Y;134
107;249;Directed;1250;10Y;134
249;111;Directed;1251;10Y;134
111;191;Directed;1252;10Y;134
191;190;Directed;1253;10Y;134
190;197;Directed;1254;10Y;134
65;208;Directed;1255;11;150
208;143;Directed;1256;11;150
143;126;Directed;1257;11;150
126;143;Directed;1258;11;150
143;273;Directed;1259;11;150
273;256;Directed;1260;11;150
256;53;Directed;1261;11;150
53;43;Directed;1262;11;150
43;146;Directed;1263;11;150
146;142;Directed;1264;11;150
142;192;Directed;1265;11;150
192;169;Directed;1266;11;150
169;141;Directed;1267;11;150
141;231;Directed;1268;11;150
231;32;Directed;1269;11;150
32;31;Directed;1270;11;150
31;16;Directed;1271;11;150
16;177;Directed;1272;11;150
177;276;Directed;1273;11;150
276;189;Directed;1274;11;150
189;46;Directed;1275;11;150
46;257;Directed;1276;11;150
257;3;Directed;1277;11;150
3;251;Directed;1278;11;150
251;130;Directed;1279;11;150
130;306;Directed;1280;11;150
306;297;Directed;1281;11;150
297;113;Directed;1282;11;150
113;233;Directed;1283;11;150
233;253;Directed;1284;11;150
253;163;Directed;1285;11;150
163;288;Directed;1286;11;150
288;39;Directed;1287;11;150
39;42;Directed;1288;11;150
42;39;Directed;1289;11;150
39;288;Directed;1290;11;150
288;163;Directed;1291;11;150
163;253;Directed;1292;11;150
253;233;Directed;1293;11;150
233;113;Directed;1294;11;150
113;297;Directed;1295;11;150
297;306;Directed;1296;11;150
306;130;Directed;1297;11;150
130;251;Directed;1298;11;150
251;3;Directed;1299;11;150
3;257;Directed;1300;11;150
257;46;Directed;1301;11;150
46;189;Directed;1302;11;150
189;276;Directed;1303;11;150
276;177;Directed;1304;11;150
177;16;Directed;1305;11;150
16;31;Directed;1306;11;150
31;32;Directed;1307;11;150
32;231;Directed;1308;11;150
231;169;Directed;1309;11;150
169;192;Directed;1310;11;150
192;142;Directed;1311;11;150
142;146;Directed;1312;11;150
146;43;Directed;1313;11;150
43;53;Directed;1314;11;150
53;256;Directed;1315;11;150
256;143;Directed;1316;11;150
143;126;Directed;1317;11;150
126;143;Directed;1318;11;150
143;208;Directed;1319;11;150
208;17;Directed;1320;11;150
17;65;Directed;1321;11;150
300;248;Directed;1322;12;291
248;114;Directed;1323;12;291
114;61;Directed;1324;12;291
61;67;Directed;1325;12;291
67;157;Directed;1326;12;291
157;142;Directed;1327;12;291
142;50;Directed;1328;12;291
50;69;Directed;1329;12;291
69;207;Directed;1330;12;291
207;63;Directed;1331;12;291
63;40;Directed;1332;12;291
40;70;Directed;1333;12;291
70;161;Directed;1334;12;291
161;266;Directed;1335;12;291
266;222;Directed;1336;12;291
222;93;Directed;1337;12;291
93;222;Directed;1338;12;291
222;12;Directed;1339;12;291
12;72;Directed;1340;12;291
72;68;Directed;1341;12;291
68;40;Directed;1342;12;291
40;63;Directed;1343;12;291
63;69;Directed;1344;12;291
69;50;Directed;1345;12;291
50;192;Directed;1346;12;291
192;142;Directed;1347;12;291
142;157;Directed;1348;12;291
157;67;Directed;1349;12;291
67;61;Directed;1350;12;291
61;114;Directed;1351;12;291
114;248;Directed;1352;12;291
248;300;Directed;1353;12;291
249;107;Directed;1354;13;190
107;169;Directed;1355;13;190
169;117;Directed;1356;13;190
117;29;Directed;1357;13;190
29;196;Directed;1358;13;190
196;71;Directed;1359;13;190
71;70;Directed;1360;13;190
70;161;Directed;1361;13;190
161;266;Directed;1362;13;190
266;222;Directed;1363;13;190
222;93;Directed;1364;13;190
93;270;Directed;1365;13;190
270;285;Directed;1366;13;190
285;78;Directed;1367;13;190
78;20;Directed;1368;13;190
20;221;Directed;1369;13;190
221;20;Directed;1370;13;105
20;78;Directed;1371;13;105
78;285;Directed;1372;13;105
285;270;Directed;1373;13;105
270;93;Directed;1374;13;105
93;222;Directed;1375;13;105
222;266;Directed;1376;13;105
266;161;Directed;1377;13;105
161;71;Directed;1378;13;105
71;196;Directed;1379;13;105
196;29;Directed;1380;13;105
29;117;Directed;1381;13;105
117;169;Directed;1382;13;105
169;107;Directed;1383;13;105
107;248;Directed;1384;13;105
65;17;Directed;1385;15;128
17;37;Directed;1386;15;128
37;5;Directed;1387;15;128
5;150;Directed;1388;15;128
150;89;Directed;1389;15;128
89;284;Directed;1390;15;128
284;192;Directed;1391;15;128
192;169;Directed;1392;15;128
169;141;Directed;1393;15;128
141;231;Directed;1394;15;128
231;135;Directed;1395;15;128
135;259;Directed;1396;15;128
259;291;Directed;1397;15;128
291;290;Directed;1398;15;128
290;305;Directed;1399;15;128
305;236;Directed;1400;15;128
236;39;Directed;1401;15;128
39;42;Directed;1402;15;128
42;304;Directed;1403;15;128
304;228;Directed;1404;15;128
228;188;Directed;1405;15;128
188;235;Directed;1406;15;128
235;52;Directed;1407;15;128
52;263;Directed;1408;15;128
263;230;Directed;1409;15;135
230;138;Directed;1410;15;135
138;7;Directed;1411;15;135
7;220;Directed;1412;15;135
220;304;Directed;1413;15;135
304;42;Directed;1414;15;135
42;39;Directed;1415;15;135
39;236;Directed;1416;15;135
236;305;Directed;1417;15;135
305;290;Directed;1418;15;135
290;291;Directed;1419;15;135
291;135;Directed;1420;15;135
135;231;Directed;1421;15;135
231;169;Directed;1422;15;135
169;192;Directed;1423;15;135
192;6;Directed;1424;15;135
6;284;Directed;1425;15;135
284;89;Directed;1426;15;135
89;150;Directed;1427;15;135
150;5;Directed;1428;15;135
5;37;Directed;1429;15;135
37;17;Directed;1430;15;135
17;65;Directed;1431;15;135
65;17;Directed;1432;15Y;213
17;37;Directed;1433;15Y;213
37;5;Directed;1434;15Y;213
5;150;Directed;1435;15Y;213
150;89;Directed;1436;15Y;213
89;284;Directed;1437;15Y;213
284;192;Directed;1438;15Y;213
192;169;Directed;1439;15Y;213
169;141;Directed;1440;15Y;213
141;231;Directed;1441;15Y;213
231;135;Directed;1442;15Y;213
135;259;Directed;1443;15Y;213
259;291;Directed;1444;15Y;213
291;290;Directed;1445;15Y;213
290;305;Directed;1446;15Y;213
305;236;Directed;1447;15Y;213
236;39;Directed;1448;15Y;213
39;42;Directed;1449;15Y;213
42;64;Directed;1450;15Y;213
64;175;Directed;1451;15Y;213
175;176;Directed;1452;15Y;213
176;124;Directed;1453;15Y;213
124;86;Directed;1454;15Y;213
86;24;Directed;1455;15Y;213
24;86;Directed;1456;15Y;225
86;124;Directed;1457;15Y;225
124;176;Directed;1458;15Y;225
176;175;Directed;1459;15Y;225
175;64;Directed;1460;15Y;225
64;42;Directed;1461;15Y;225
42;39;Directed;1462;15Y;225
39;236;Directed;1463;15Y;225
236;305;Directed;1464;15Y;225
305;290;Directed;1465;15Y;225
290;291;Directed;1466;15Y;225
291;135;Directed;1467;15Y;225
135;231;Directed;1468;15Y;225
231;169;Directed;1469;15Y;225
169;192;Directed;1470;15Y;225
192;6;Directed;1471;15Y;225
6;284;Directed;1472;15Y;225
284;89;Directed;1473;15Y;225
89;150;Directed;1474;15Y;225
150;5;Directed;1475;15Y;225
5;37;Directed;1476;15Y;225
37;17;Directed;1477;15Y;225
17;65;Directed;1478;15Y;225
197;291;Directed;1479;16;60
291;98;Directed;1480;16;60
98;30;Directed;1481;16;60
30;16;Directed;1482;16;60
16;177;Directed;1483;16;60
177;88;Directed;1484;16;60
88;18;Directed;1485;16;60
18;266;Directed;1486;16;60
266;222;Directed;1487;16;60
222;93;Directed;1488;16;60
93;222;Directed;1489;16;90
222;266;Directed;1490;16;90
266;95;Directed;1491;16;90
95;255;Directed;1492;16;90
255;88;Directed;1493;16;90
88;177;Directed;1494;16;90
177;16;Directed;1495;16;90
16;30;Directed;1496;16;90
30;98;Directed;1497;16;90
98;291;Directed;1498;16;90
291;197;Directed;1499;16;90
249;157;Directed;1500;17;90
157;67;Directed;1501;17;90
67;61;Directed;1502;17;90
61;80;Directed;1503;17;90
80;271;Directed;1504;17;90
271;229;Directed;1505;17;90
229;106;Directed;1506;17;90
106;103;Directed;1507;17;90
103;195;Directed;1508;17;90
195;186;Directed;1509;17;90
186;185;Directed;1510;17;90
185;140;Directed;1511;17;90
140;2;Directed;1512;17;90
2;112;Directed;1513;17;90
112;132;Directed;1514;17;90
132;214;Directed;1515;17;90
214;132;Directed;1516;17;90
132;112;Directed;1517;17;90
112;2;Directed;1518;17;90
2;140;Directed;1519;17;90
140;185;Directed;1520;17;90
185;186;Directed;1521;17;90
186;195;Directed;1522;17;90
195;103;Directed;1523;17;90
103;106;Directed;1524;17;90
106;229;Directed;1525;17;90
229;80;Directed;1526;17;90
80;61;Directed;1527;17;90
61;67;Directed;1528;17;90
67;157;Directed;1529;17;90
157;249;Directed;1530;17;90
249;157;Directed;1531;17A;30
157;67;Directed;1532;17A;30
67;61;Directed;1533;17A;30
61;80;Directed;1534;17A;30
80;271;Directed;1535;17A;30
271;229;Directed;1536;17A;30
229;106;Directed;1537;17A;30
106;103;Directed;1538;17A;30
103;195;Directed;1539;17A;30
195;103;Directed;1540;17A;60
103;106;Directed;1541;17A;60
106;229;Directed;1542;17A;60
229;80;Directed;1543;17A;60
80;61;Directed;1544;17A;60
61;67;Directed;1545;17A;60
67;157;Directed;1546;17A;60
157;249;Directed;1547;17A;60
197;57;Directed;1548;18;60
57;302;Directed;1549;18;60
302;216;Directed;1550;18;60
216;133;Directed;1551;18;60
133;166;Directed;1552;18;60
166;228;Directed;1553;18;60
228;188;Directed;1554;18;60
188;235;Directed;1555;18;60
235;52;Directed;1556;18;60
52;263;Directed;1557;18;60
263;230;Directed;1558;18;60
230;138;Directed;1559;18;60
138;7;Directed;1560;18;60
7;220;Directed;1561;18;60
220;166;Directed;1562;18;60
166;133;Directed;1563;18;60
133;216;Directed;1564;18;60
216;302;Directed;1565;18;60
302;57;Directed;1566;18;60
57;197;Directed;1567;18;60
197;57;Directed;1568;18Y;111
57;14;Directed;1569;18Y;111
14;182;Directed;1570;18Y;111
182;179;Directed;1571;18Y;111
179;160;Directed;1572;18Y;111
160;220;Directed;1573;18Y;111
220;7;Directed;1574;18Y;111
7;138;Directed;1575;18Y;111
138;230;Directed;1576;18Y;111
230;263;Directed;1577;18Y;111
263;52;Directed;1578;18Y;140
52;235;Directed;1579;18Y;140
235;188;Directed;1580;18Y;140
188;228;Directed;1581;18Y;140
228;160;Directed;1582;18Y;140
160;179;Directed;1583;18Y;140
179;182;Directed;1584;18Y;140
182;14;Directed;1585;18Y;140
14;181;Directed;1586;18Y;140
181;57;Directed;1587;18Y;140
57;197;Directed;1588;18Y;140
128;114;Directed;1589;19;293
114;248;Directed;1590;19;293
248;300;Directed;1591;19;293
300;279;Directed;1592;19;293
279;180;Directed;1593;19;293
180;265;Directed;1594;19;293
265;191;Directed;1595;19;293
191;111;Directed;1596;19;293
111;58;Directed;1597;19;293
58;294;Directed;1598;19;293
294;135;Directed;1599;19;293
135;30;Directed;1600;19;293
30;218;Directed;1601;19;293
218;148;Directed;1602;19;293
148;153;Directed;1603;19;293
153;26;Directed;1604;19;293
26;127;Directed;1605;19;293
127;189;Directed;1606;19;293
189;46;Directed;1607;19;293
46;257;Directed;1608;19;293
257;183;Directed;1609;19;293
183;244;Directed;1610;19;293
244;183;Directed;1611;19;260
183;131;Directed;1612;19;260
131;281;Directed;1613;19;260
281;62;Directed;1614;19;260
62;257;Directed;1615;19;260
257;46;Directed;1616;19;260
46;189;Directed;1617;19;260
189;127;Directed;1618;19;260
127;26;Directed;1619;19;260
26;153;Directed;1620;19;260
153;148;Directed;1621;19;260
148;218;Directed;1622;19;260
218;30;Directed;1623;19;260
30;98;Directed;1624;19;260
98;294;Directed;1625;19;260
294;258;Directed;1626;19;260
258;191;Directed;1627;19;260
191;265;Directed;1628;19;260
265;180;Directed;1629;19;260
180;279;Directed;1630;19;260
279;300;Directed;1631;19;260
300;248;Directed;1632;19;260
248;114;Directed;1633;19;260
114;128;Directed;1634;19;260
197;291;Directed;1635;21;60
291;98;Directed;1636;21;60
98;30;Directed;1637;21;60
30;209;Directed;1638;21;60
209;29;Directed;1639;21;60
29;207;Directed;1640;21;60
207;89;Directed;1641;21;60
89;116;Directed;1642;21;60
116;301;Directed;1643;21;60
301;35;Directed;1644;21;60
35;211;Directed;1645;21;60
211;212;Directed;1646;21;60
212;213;Directed;1647;21;60
213;110;Directed;1648;21;60
110;35;Directed;1649;21;60
35;301;Directed;1650;21;60
301;116;Directed;1651;21;60
116;89;Directed;1652;21;60
89;207;Directed;1653;21;60
207;29;Directed;1654;21;60
29;209;Directed;1655;21;60
209;30;Directed;1656;21;60
30;98;Directed;1657;21;60
98;291;Directed;1658;21;60
291;197;Directed;1659;21;60
300;279;Directed;1660;22;238
279;125;Directed;1661;22;238
125;282;Directed;1662;22;238
282;79;Directed;1663;22;238
79;157;Directed;1664;22;238
157;142;Directed;1665;22;238
142;6;Directed;1666;22;238
6;284;Directed;1667;22;238
284;89;Directed;1668;22;238
89;150;Directed;1669;22;238
150;5;Directed;1670;22;238
5;54;Directed;1671;22;238
54;72;Directed;1672;22;238
72;68;Directed;1673;22;238
68;70;Directed;1674;22;238
70;161;Directed;1675;22;238
161;172;Directed;1676;22;238
172;139;Directed;1677;22;238
139;145;Directed;1678;22;238
145;88;Directed;1679;22;238
88;177;Directed;1680;22;238
177;16;Directed;1681;22;238
16;31;Directed;1682;22;238
31;32;Directed;1683;22;238
32;231;Directed;1684;22;238
231;169;Directed;1685;22;238
169;107;Directed;1686;22;238
107;249;Directed;1687;22;238
249;157;Directed;1688;22;238
157;67;Directed;1689;22;238
67;61;Directed;1690;22;238
61;114;Directed;1691;22;238
114;248;Directed;1692;22;238
248;300;Directed;1693;22;238
300;279;Directed;1694;22Y;102
279;125;Directed;1695;22Y;102
125;282;Directed;1696;22Y;102
282;79;Directed;1697;22Y;102
79;157;Directed;1698;22Y;102
157;142;Directed;1699;22Y;102
142;6;Directed;1700;22Y;102
6;284;Directed;1701;22Y;102
284;89;Directed;1702;22Y;102
89;150;Directed;1703;22Y;102
150;5;Directed;1704;22Y;102
5;54;Directed;1705;22Y;102
54;254;Directed;1706;22Y;102
254;12;Directed;1707;22Y;102
12;222;Directed;1708;22Y;102
222;266;Directed;1709;22Y;102
266;172;Directed;1710;22Y;102
172;139;Directed;1711;22Y;102
139;145;Directed;1712;22Y;102
145;88;Directed;1713;22Y;102
88;177;Directed;1714;22Y;102
177;16;Directed;1715;22Y;102
16;31;Directed;1716;22Y;102
31;32;Directed;1717;22Y;102
32;231;Directed;1718;22Y;102
231;169;Directed;1719;22Y;102
169;107;Directed;1720;22Y;102
107;249;Directed;1721;22Y;102
249;157;Directed;1722;22Y;102
157;67;Directed;1723;22Y;102
67;61;Directed;1724;22Y;102
61;114;Directed;1725;22Y;102
114;248;Directed;1726;22Y;102
248;300;Directed;1727;22Y;102
131;281;Directed;1728;23;60
281;62;Directed;1729;23;60
62;257;Directed;1730;23;60
257;46;Directed;1731;23;60
46;189;Directed;1732;23;60
189;276;Directed;1733;23;60
276;88;Directed;1734;23;60
88;18;Directed;1735;23;60
18;95;Directed;1736;23;60
95;94;Directed;1737;23;60
94;115;Directed;1738;23;60
115;29;Directed;1739;23;60
29;207;Directed;1740;23;60
207;63;Directed;1741;23;60
63;40;Directed;1742;23;60
40;71;Directed;1743;23;60
71;196;Directed;1744;23;60
196;29;Directed;1745;23;60
29;115;Directed;1746;23;60
115;94;Directed;1747;23;60
94;255;Directed;1748;23;60
255;88;Directed;1749;23;60
88;276;Directed;1750;23;60
276;189;Directed;1751;23;60
189;46;Directed;1752;23;60
46;257;Directed;1753;23;60
257;183;Directed;1754;23;60
183;131;Directed;1755;23;60
65;72;Directed;1756;23Y;60
72;68;Directed;1757;23Y;60
68;137;Directed;1758;23Y;60
137;33;Directed;1759;23Y;60
33;95;Directed;1760;23Y;60
95;255;Directed;1761;23Y;60
255;88;Directed;1762;23Y;60
88;276;Directed;1763;23Y;60
276;189;Directed;1764;23Y;60
189;46;Directed;1765;23Y;60
46;257;Directed;1766;23Y;60
257;3;Directed;1767;23Y;60
3;251;Directed;1768;23Y;60
251;130;Directed;1769;23Y;60
130;306;Directed;1770;23Y;60
306;297;Directed;1771;23Y;60
297;113;Directed;1772;23Y;60
113;233;Directed;1773;23Y;60
233;108;Directed;1774;23Y;60
108;152;Directed;1775;23Y;60
152;293;Directed;1776;23Y;60
293;152;Directed;1777;23Y;60
152;108;Directed;1778;23Y;60
108;233;Directed;1779;23Y;60
233;113;Directed;1780;23Y;60
113;297;Directed;1781;23Y;60
297;306;Directed;1782;23Y;60
306;130;Directed;1783;23Y;60
130;251;Directed;1784;23Y;60
251;3;Directed;1785;23Y;60
3;257;Directed;1786;23Y;60
257;46;Directed;1787;23Y;60
46;189;Directed;1788;23Y;60
189;276;Directed;1789;23Y;60
276;88;Directed;1790;23Y;60
88;18;Directed;1791;23Y;60
18;33;Directed;1792;23Y;60
33;137;Directed;1793;23Y;60
137;68;Directed;1794;23Y;60
68;72;Directed;1795;23Y;60
72;65;Directed;1796;23Y;60
300;248;Directed;1797;24;316
248;114;Directed;1798;24;316
114;61;Directed;1799;24;316
61;67;Directed;1800;24;316
67;157;Directed;1801;24;316
157;249;Directed;1802;24;316
249;107;Directed;1803;24;316
107;169;Directed;1804;24;316
169;141;Directed;1805;24;316
141;231;Directed;1806;24;316
231;32;Directed;1807;24;316
32;31;Directed;1808;24;316
31;16;Directed;1809;24;316
16;177;Directed;1810;24;316
177;88;Directed;1811;24;316
88;145;Directed;1812;24;316
145;139;Directed;1813;24;316
139;171;Directed;1814;24;316
171;172;Directed;1815;24;316
172;161;Directed;1816;24;316
161;68;Directed;1817;24;316
68;54;Directed;1818;24;316
54;37;Directed;1819;24;316
37;5;Directed;1820;24;316
5;150;Directed;1821;24;316
150;89;Directed;1822;24;316
89;284;Directed;1823;24;316
284;142;Directed;1824;24;316
142;157;Directed;1825;24;316
157;79;Directed;1826;24;316
79;282;Directed;1827;24;316
282;125;Directed;1828;24;316
125;279;Directed;1829;24;316
279;300;Directed;1830;24;316
300;248;Directed;1831;24Y;119
248;114;Directed;1832;24Y;119
114;61;Directed;1833;24Y;119
61;67;Directed;1834;24Y;119
67;157;Directed;1835;24Y;119
157;249;Directed;1836;24Y;119
249;107;Directed;1837;24Y;119
107;169;Directed;1838;24Y;119
169;141;Directed;1839;24Y;119
141;231;Directed;1840;24Y;119
231;32;Directed;1841;24Y;119
32;31;Directed;1842;24Y;119
31;16;Directed;1843;24Y;119
16;177;Directed;1844;24Y;119
177;88;Directed;1845;24Y;119
88;145;Directed;1846;24Y;119
145;139;Directed;1847;24Y;119
139;171;Directed;1848;24Y;119
171;172;Directed;1849;24Y;119
172;266;Directed;1850;24Y;119
266;222;Directed;1851;24Y;119
222;12;Directed;1852;24Y;119
12;54;Directed;1853;24Y;119
54;37;Directed;1854;24Y;119
37;5;Directed;1855;24Y;119
5;150;Directed;1856;24Y;119
150;89;Directed;1857;24Y;119
89;284;Directed;1858;24Y;119
284;142;Directed;1859;24Y;119
142;157;Directed;1860;24Y;119
157;79;Directed;1861;24Y;119
79;282;Directed;1862;24Y;119
282;125;Directed;1863;24Y;119
125;279;Directed;1864;24Y;119
279;300;Directed;1865;24Y;119
300;248;Directed;1866;25;222
248;114;Directed;1867;25;222
114;61;Directed;1868;25;222
61;67;Directed;1869;25;222
67;157;Directed;1870;25;222
157;249;Directed;1871;25;222
249;111;Directed;1872;25;222
111;58;Directed;1873;25;222
58;294;Directed;1874;25;222
294;135;Directed;1875;25;222
135;98;Directed;1876;25;222
98;162;Directed;1877;25;222
162;82;Directed;1878;25;222
82;163;Directed;1879;25;222
163;253;Directed;1880;25;222
253;233;Directed;1881;25;222
233;113;Directed;1882;25;222
113;297;Directed;1883;25;222
297;306;Directed;1884;25;213
306;130;Directed;1885;25;213
130;251;Directed;1886;25;213
251;3;Directed;1887;25;213
3;257;Directed;1888;25;213
257;46;Directed;1889;25;213
46;75;Directed;1890;25;213
75;173;Directed;1891;25;213
173;120;Directed;1892;25;213
120;163;Directed;1893;25;213
163;82;Directed;1894;25;213
82;98;Directed;1895;25;213
98;294;Directed;1896;25;213
294;58;Directed;1897;25;213
58;111;Directed;1898;25;213
111;249;Directed;1899;25;213
249;157;Directed;1900;25;213
157;67;Directed;1901;25;213
67;61;Directed;1902;25;213
61;114;Directed;1903;25;213
114;248;Directed;1904;25;213
248;300;Directed;1905;25;213
300;248;Directed;1906;25Y;222
248;114;Directed;1907;25Y;222
114;61;Directed;1908;25Y;222
61;67;Directed;1909;25Y;222
67;157;Directed;1910;25Y;222
157;249;Directed;1911;25Y;222
249;111;Directed;1912;25Y;222
111;58;Directed;1913;25Y;222
58;294;Directed;1914;25Y;222
294;135;Directed;1915;25Y;222
135;98;Directed;1916;25Y;222
98;162;Directed;1917;25Y;222
162;82;Directed;1918;25Y;222
82;241;Directed;1919;25Y;222
241;120;Directed;1920;25Y;222
120;173;Directed;1921;25Y;222
173;75;Directed;1922;25Y;222
75;46;Directed;1923;25Y;222
46;257;Directed;1924;25Y;222
257;3;Directed;1925;25Y;222
3;251;Directed;1926;25Y;222
251;130;Directed;1927;25Y;222
130;306;Directed;1928;25Y;222
306;297;Directed;1929;25Y;222
297;113;Directed;1930;25Y;178
113;233;Directed;1931;25Y;178
233;253;Directed;1932;25Y;178
253;163;Directed;1933;25Y;178
163;82;Directed;1934;25Y;178
82;98;Directed;1935;25Y;178
98;294;Directed;1936;25Y;178
294;58;Directed;1937;25Y;178
58;111;Directed;1938;25Y;178
111;249;Directed;1939;25Y;178
249;157;Directed;1940;25Y;178
157;67;Directed;1941;25Y;178
67;61;Directed;1942;25Y;178
61;114;Directed;1943;25Y;178
114;248;Directed;1944;25Y;178
248;300;Directed;1945;25Y;178
128;114;Directed;1946;30;164
114;248;Directed;1947;30;164
248;300;Directed;1948;30;164
300;279;Directed;1949;30;164
279;59;Directed;1950;30;164
59;60;Directed;1951;30;164
60;283;Directed;1952;30;164
283;232;Directed;1953;30;164
232;190;Directed;1954;30;164
190;197;Directed;1955;30;164
197;291;Directed;1956;30;164
291;290;Directed;1957;30;164
290;305;Directed;1958;30;164
305;236;Directed;1959;30;164
236;39;Directed;1960;30;164
39;42;Directed;1961;30;164
42;64;Directed;1962;30;164
64;155;Directed;1963;30;164
155;164;Directed;1964;30;164
164;49;Directed;1965;30;164
49;38;Directed;1966;30;164
38;223;Directed;1967;30;164
223;21;Directed;1968;30;164
21;269;Directed;1969;30;164
269;118;Directed;1970;30;164
118;296;Directed;1971;30;164
296;28;Directed;1972;30;164
28;277;Directed;1973;30;164
277;15;Directed;1974;30;164
15;10;Directed;1975;30;164
10;27;Directed;1976;30;164
27;10;Directed;1977;30;150
10;15;Directed;1978;30;150
15;277;Directed;1979;30;150
277;28;Directed;1980;30;150
28;296;Directed;1981;30;150
296;118;Directed;1982;30;150
118;269;Directed;1983;30;150
269;21;Directed;1984;30;150
21;223;Directed;1985;30;150
223;38;Directed;1986;30;150
38;49;Directed;1987;30;150
49;164;Directed;1988;30;150
164;155;Directed;1989;30;150
155;64;Directed;1990;30;150
64;42;Directed;1991;30;150
42;39;Directed;1992;30;150
39;236;Directed;1993;30;150
236;305;Directed;1994;30;150
305;290;Directed;1995;30;150
290;291;Directed;1996;30;150
291;197;Directed;1997;30;150
197;190;Directed;1998;30;150
190;232;Directed;1999;30;150
232;283;Directed;2000;30;150
283;60;Directed;2001;30;150
60;59;Directed;2002;30;150
59;279;Directed;2003;30;150
279;300;Directed;2004;30;150
300;248;Directed;2005;30;150
248;114;Directed;2006;30;150
114;128;Directed;2007;30;150
128;114;Directed;2008;30A;246
114;248;Directed;2009;30A;246
248;300;Directed;2010;30A;246
300;279;Directed;2011;30A;246
279;59;Directed;2012;30A;246
59;60;Directed;2013;30A;246
60;283;Directed;2014;30A;246
283;232;Directed;2015;30A;246
232;190;Directed;2016;30A;246
190;197;Directed;2017;30A;246
197;291;Directed;2018;30A;246
291;290;Directed;2019;30A;246
290;305;Directed;2020;30A;246
305;236;Directed;2021;30A;246
236;39;Directed;2022;30A;246
39;42;Directed;2023;30A;246
42;64;Directed;2024;30A;246
64;42;Directed;2025;30A;225
42;39;Directed;2026;30A;225
39;236;Directed;2027;30A;225
236;305;Directed;2028;30A;225
305;290;Directed;2029;30A;225
290;291;Directed;2030;30A;225
291;197;Directed;2031;30A;225
197;190;Directed;2032;30A;225
190;232;Directed;2033;30A;225
232;283;Directed;2034;30A;225
283;60;Directed;2035;30A;225
60;59;Directed;2036;30A;225
59;279;Directed;2037;30A;225
279;300;Directed;2038;30A;225
300;248;Directed;2039;30A;225
248;114;Directed;2040;30A;225
114;128;Directed;2041;30A;225
197;225;Directed;2042;30I;41
225;187;Directed;2043;30I;41
187;42;Directed;2044;30I;41
42;64;Directed;2045;30I;41
64;155;Directed;2046;30I;41
155;164;Directed;2047;30I;41
164;49;Directed;2048;30I;41
49;38;Directed;2049;30I;41
38;223;Directed;2050;30I;41
223;21;Directed;2051;30I;41
21;269;Directed;2052;30I;41
269;118;Directed;2053;30I;41
118;296;Directed;2054;30I;41
296;28;Directed;2055;30I;41
28;277;Directed;2056;30I;41
277;15;Directed;2057;30I;41
15;10;Directed;2058;30I;41
10;27;Directed;2059;30I;41
27;10;Directed;2060;30I;38
10;15;Directed;2061;30I;38
15;277;Directed;2062;30I;38
277;28;Directed;2063;30I;38
28;296;Directed;2064;30I;38
296;118;Directed;2065;30I;38
118;269;Directed;2066;30I;38
269;21;Directed;2067;30I;38
21;223;Directed;2068;30I;38
223;38;Directed;2069;30I;38
38;49;Directed;2070;30I;38
49;164;Directed;2071;30I;38
164;155;Directed;2072;30I;38
155;64;Directed;2073;30I;38
64;42;Directed;2074;30I;38
42;187;Directed;2075;30I;38
187;225;Directed;2076;30I;38
225;197;Directed;2077;30I;38
27;10;Directed;2078;30N;150
10;15;Directed;2079;30N;150
15;277;Directed;2080;30N;150
277;28;Directed;2081;30N;150
28;296;Directed;2082;30N;150
296;118;Directed;2083;30N;150
118;269;Directed;2084;30N;150
269;21;Directed;2085;30N;150
21;223;Directed;2086;30N;150
223;38;Directed;2087;30N;150
38;49;Directed;2088;30N;150
49;164;Directed;2089;30N;150
164;155;Directed;2090;30N;150
155;64;Directed;2091;30N;150
64;42;Directed;2092;30N;150
42;39;Directed;2093;30N;150
39;236;Directed;2094;30N;150
236;305;Directed;2095;30N;150
305;290;Directed;2096;30N;150
290;291;Directed;2097;30N;150
291;197;Directed;2098;30N;150
249;107;Directed;2099;33;30
107;169;Directed;2100;33;30
169;117;Directed;2101;33;30
117;207;Directed;2102;33;30
207;89;Directed;2103;33;30
89;116;Directed;2104;33;30
116;301;Directed;2105;33;30
301;35;Directed;2106;33;30
35;13;Directed;2107;33;30
13;159;Directed;2108;33;30
159;158;Directed;2109;33;30
158;206;Directed;2110;33;30
206;215;Directed;2111;33;30
215;158;Directed;2112;33;30
158;36;Directed;2113;33;30
36;227;Directed;2114;33;30
227;178;Directed;2115;33;30
178;204;Directed;2116;33;30
204;203;Directed;2117;33;30
203;202;Directed;2118;33;30
202;203;Directed;2119;33;30
203;204;Directed;2120;33;30
204;178;Directed;2121;33;30
178;227;Directed;2122;33;30
227;36;Directed;2123;33;30
36;158;Directed;2124;33;30
158;206;Directed;2125;33;30
206;215;Directed;2126;33;30
215;159;Directed;2127;33;30
159;13;Directed;2128;33;30
13;35;Directed;2129;33;30
35;301;Directed;2130;33;30
301;116;Directed;2131;33;30
116;89;Directed;2132;33;30
89;207;Directed;2133;33;30
207;29;Directed;2134;33;30
29;117;Directed;2135;33;30
117;169;Directed;2136;33;30
169;107;Directed;2137;33;30
107;249;Directed;2138;33;30
249;107;Directed;2139;33Y;30
107;169;Directed;2140;33Y;30
169;117;Directed;2141;33Y;30
117;207;Directed;2142;33Y;30
207;89;Directed;2143;33Y;30
89;116;Directed;2144;33Y;30
116;301;Directed;2145;33Y;30
301;11;Directed;2146;33Y;30
11;35;Directed;2147;33Y;30
35;13;Directed;2148;33Y;30
13;159;Directed;2149;33Y;30
159;158;Directed;2150;33Y;30
158;206;Directed;2151;33Y;30
206;215;Directed;2152;33Y;30
215;158;Directed;2153;33Y;30
158;36;Directed;2154;33Y;30
36;227;Directed;2155;33Y;30
227;178;Directed;2156;33Y;30
178;204;Directed;2157;33Y;30
204;203;Directed;2158;33Y;30
203;202;Directed;2159;33Y;30
202;203;Directed;2160;33Y;30
203;204;Directed;2161;33Y;30
204;178;Directed;2162;33Y;30
178;227;Directed;2163;33Y;30
227;36;Directed;2164;33Y;30
36;158;Directed;2165;33Y;30
158;206;Directed;2166;33Y;30
206;215;Directed;2167;33Y;30
215;159;Directed;2168;33Y;30
159;13;Directed;2169;33Y;30
13;35;Directed;2170;33Y;30
35;11;Directed;2171;33Y;30
11;301;Directed;2172;33Y;30
301;116;Directed;2173;33Y;30
116;89;Directed;2174;33Y;30
89;207;Directed;2175;33Y;30
207;29;Directed;2176;33Y;30
29;117;Directed;2177;33Y;30
117;169;Directed;2178;33Y;30
169;107;Directed;2179;33Y;30
107;249;Directed;2180;33Y;30
249;142;Directed;2181;33E;30
142;89;Directed;2182;33E;30
89;35;Directed;2183;33E;30
35;159;Directed;2184;33E;30
159;206;Directed;2185;33E;30
206;215;Directed;2186;33E;30
215;203;Directed;2187;33E;30
203;202;Directed;2188;33E;30
202;203;Directed;2189;33E;30
203;206;Directed;2190;33E;30
206;215;Directed;2191;33E;30
215;35;Directed;2192;33E;30
35;89;Directed;2193;33E;30
89;142;Directed;2194;33E;30
142;249;Directed;2195;33E;30
249;107;Directed;2196;34;279
107;262;Directed;2197;34;279
262;111;Directed;2198;34;279
111;249;Directed;2199;34;279
249;142;Directed;2200;34;279
142;6;Directed;2201;34;279
6;284;Directed;2202;34;279
284;89;Directed;2203;34;279
89;150;Directed;2204;34;279
150;5;Directed;2205;34;279
5;37;Directed;2206;34;279
37;17;Directed;2207;34;279
17;44;Directed;2208;34;279
44;184;Directed;2209;34;279
184;102;Directed;2210;34;279
102;4;Directed;2211;34;279
4;104;Directed;2212;34;279
104;1;Directed;2213;34;279
1;240;Directed;2214;34;279
240;56;Directed;2215;34;279
56;85;Directed;2216;34;279
85;73;Directed;2217;34;279
73;41;Directed;2218;34;279
41;74;Directed;2219;34;279
74;84;Directed;2220;34;279
84;239;Directed;2221;34;267
239;238;Directed;2222;34;267
238;41;Directed;2223;34;267
41;237;Directed;2224;34;267
237;85;Directed;2225;34;267
85;56;Directed;2226;34;267
56;240;Directed;2227;34;267
240;1;Directed;2228;34;267
1;104;Directed;2229;34;267
104;4;Directed;2230;34;267
4;102;Directed;2231;34;267
102;184;Directed;2232;34;267
184;44;Directed;2233;34;267
44;17;Directed;2234;34;267
17;37;Directed;2235;34;267
37;5;Directed;2236;34;267
5;150;Directed;2237;34;267
150;89;Directed;2238;34;267
89;284;Directed;2239;34;267
284;142;Directed;2240;34;267
142;249;Directed;2241;34;267
249;111;Directed;2242;34;267
111;262;Directed;2243;34;267
262;107;Directed;2244;34;267
107;249;Directed;2245;34;267
249;107;Directed;2246;35;279
107;262;Directed;2247;35;279
262;111;Directed;2248;35;279
111;249;Directed;2249;35;279
249;142;Directed;2250;35;279
142;6;Directed;2251;35;279
6;284;Directed;2252;35;279
284;89;Directed;2253;35;279
89;150;Directed;2254;35;279
150;5;Directed;2255;35;279
5;37;Directed;2256;35;279
37;17;Directed;2257;35;279
17;44;Directed;2258;35;279
44;184;Directed;2259;35;279
184;102;Directed;2260;35;279
102;4;Directed;2261;35;279
4;104;Directed;2262;35;279
104;1;Directed;2263;35;279
1;264;Directed;2264;35;279
264;250;Directed;2265;35;279
250;22;Directed;2266;35;279
22;85;Directed;2267;35;279
85;224;Directed;2268;35;267
224;91;Directed;2269;35;267
91;240;Directed;2270;35;267
240;264;Directed;2271;35;267
264;1;Directed;2272;35;267
1;104;Directed;2273;35;267
104;4;Directed;2274;35;267
4;102;Directed;2275;35;267
102;184;Directed;2276;35;267
184;44;Directed;2277;35;267
44;17;Directed;2278;35;267
17;37;Directed;2279;35;267
37;5;Directed;2280;35;267
5;150;Directed;2281;35;267
150;89;Directed;2282;35;267
89;284;Directed;2283;35;267
284;142;Directed;2284;35;267
142;249;Directed;2285;35;267
249;111;Directed;2286;35;267
111;262;Directed;2287;35;267
262;107;Directed;2288;35;267
107;249;Directed;2289;35;267
85;224;Directed;2290;35E;45
224;91;Directed;2291;35E;45
91;240;Directed;2292;35E;45
240;17;Directed;2293;35E;45
17;89;Directed;2294;35E;45
89;142;Directed;2295;35E;45
142;249;Directed;2296;35E;45
249;107;Directed;2297;36;233
107;262;Directed;2298;36;233
262;111;Directed;2299;36;233
111;249;Directed;2300;36;233
249;142;Directed;2301;36;233
142;6;Directed;2302;36;233
6;284;Directed;2303;36;233
284;89;Directed;2304;36;233
89;150;Directed;2305;36;233
150;5;Directed;2306;36;233
5;37;Directed;2307;36;233
37;17;Directed;2308;36;233
17;44;Directed;2309;36;233
44;184;Directed;2310;36;233
184;102;Directed;2311;36;233
102;4;Directed;2312;36;233
4;104;Directed;2313;36;233
104;1;Directed;2314;36;233
1;240;Directed;2315;36;233
240;55;Directed;2316;36;233
55;129;Directed;2317;36;233
129;272;Directed;2318;36;233
272;8;Directed;2319;36;233
8;205;Directed;2320;36;267
205;129;Directed;2321;36;267
129;55;Directed;2322;36;267
55;240;Directed;2323;36;267
240;1;Directed;2324;36;267
1;104;Directed;2325;36;267
104;4;Directed;2326;36;267
4;102;Directed;2327;36;267
102;184;Directed;2328;36;267
184;44;Directed;2329;36;267
44;17;Directed;2330;36;267
17;37;Directed;2331;36;267
37;5;Directed;2332;36;267
5;150;Directed;2333;36;267
150;89;Directed;2334;36;267
89;284;Directed;2335;36;267
284;142;Directed;2336;36;267
142;249;Directed;2337;36;267
249;111;Directed;2338;36;267
111;262;Directed;2339;36;267
262;107;Directed;2340;36;267
107;249;Directed;2341;36;267
8;205;Directed;2342;36E;45
205;129;Directed;2343;36E;45
129;55;Directed;2344;36E;45
55;240;Directed;2345;36E;45
240;17;Directed;2346;36E;45
17;89;Directed;2347;36E;45
89;142;Directed;2348;36E;45
65;17;Directed;2349;36Y;150
17;44;Directed;2350;36Y;150
44;184;Directed;2351;36Y;150
184;102;Directed;2352;36Y;150
102;4;Directed;2353;36Y;150
4;104;Directed;2354;36Y;150
104;1;Directed;2355;36Y;150
1;240;Directed;2356;36Y;150
240;55;Directed;2357;36Y;150
55;129;Directed;2358;36Y;150
129;272;Directed;2359;36Y;150
272;8;Directed;2360;36Y;150
8;205;Directed;2361;36Y;100
205;129;Directed;2362;36Y;100
129;55;Directed;2363;36Y;100
55;240;Directed;2364;36Y;100
240;1;Directed;2365;36Y;100
1;104;Directed;2366;36Y;100
104;4;Directed;2367;36Y;100
4;102;Directed;2368;36Y;100
102;184;Directed;2369;36Y;100
184;44;Directed;2370;36Y;100
44;17;Directed;2371;36Y;100
17;65;Directed;2372;36Y;100
197;291;Directed;2373;37;60
291;98;Directed;2374;37;60
98;162;Directed;2375;37;60
162;82;Directed;2376;37;60
82;163;Directed;2377;37;60
163;253;Directed;2378;37;60
253;233;Directed;2379;37;60
233;108;Directed;2380;37;60
108;152;Directed;2381;37;60
152;292;Directed;2382;37;60
292;165;Directed;2383;37;60
165;83;Directed;2384;37;60
83;151;Directed;2385;37;60
151;51;Directed;2386;37;60
51;199;Directed;2387;37;60
199;198;Directed;2388;37;60
198;200;Directed;2389;37;60
200;101;Directed;2390;37;60
101;100;Directed;2391;37;60
100;99;Directed;2392;37;60
99;100;Directed;2393;37;111
100;101;Directed;2394;37;111
101;200;Directed;2395;37;111
200;198;Directed;2396;37;111
198;199;Directed;2397;37;111
199;51;Directed;2398;37;111
51;151;Directed;2399;37;111
151;83;Directed;2400;37;111
83;165;Directed;2401;37;111
165;292;Directed;2402;37;111
292;152;Directed;2403;37;111
152;108;Directed;2404;37;111
108;233;Directed;2405;37;111
233;253;Directed;2406;37;111
253;163;Directed;2407;37;111
163;82;Directed;2408;37;111
82;98;Directed;2409;37;111
98;291;Directed;2410;37;111
291;197;Directed;2411;37;111
197;190;Directed;2412;39;60
190;191;Directed;2413;39;60
191;265;Directed;2414;39;60
265;180;Directed;2415;39;60
180;268;Directed;2416;39;60
268;245;Directed;2417;39;60
245;246;Directed;2418;39;60
246;261;Directed;2419;39;60
261;247;Directed;2420;39;60
247;260;Directed;2421;39;60
260;247;Directed;2422;39;60
247;261;Directed;2423;39;60
261;246;Directed;2424;39;60
246;245;Directed;2425;39;60
245;180;Directed;2426;39;60
180;265;Directed;2427;39;60
265;191;Directed;2428;39;60
191;190;Directed;2429;39;60
190;197;Directed;2430;39;60
300;279;Directed;2431;41;316
279;125;Directed;2432;41;316
125;87;Directed;2433;41;316
87;174;Directed;2434;41;316
174;111;Directed;2435;41;316
111;58;Directed;2436;41;316
58;294;Directed;2437;41;316
294;135;Directed;2438;41;316
135;98;Directed;2439;41;316
98;162;Directed;2440;41;316
162;82;Directed;2441;41;316
82;163;Directed;2442;41;316
163;149;Directed;2443;41;316
149;287;Directed;2444;41;316
287;86;Directed;2445;41;316
86;24;Directed;2446;41;316
24;193;Directed;2447;41;316
193;154;Directed;2448;41;316
154;193;Directed;2449;41;266
193;24;Directed;2450;41;266
24;86;Directed;2451;41;266
86;287;Directed;2452;41;266
287;149;Directed;2453;41;266
149;163;Directed;2454;41;266
163;82;Directed;2455;41;266
82;98;Directed;2456;41;266
98;294;Directed;2457;41;266
294;58;Directed;2458;41;266
58;111;Directed;2459;41;266
111;174;Directed;2460;41;266
174;87;Directed;2461;41;266
87;125;Directed;2462;41;266
125;279;Directed;2463;41;266
279;300;Directed;2464;41;266
300;279;Directed;2465;41Y;277
279;125;Directed;2466;41Y;277
125;87;Directed;2467;41Y;277
87;174;Directed;2468;41Y;277
174;111;Directed;2469;41Y;277
111;58;Directed;2470;41Y;277
58;294;Directed;2471;41Y;277
294;135;Directed;2472;41Y;277
135;98;Directed;2473;41Y;277
98;162;Directed;2474;41Y;277
162;82;Directed;2475;41Y;277
82;163;Directed;2476;41Y;277
163;149;Directed;2477;41Y;277
149;287;Directed;2478;41Y;277
287;124;Directed;2479;41Y;277
124;176;Directed;2480;41Y;277
176;175;Directed;2481;41Y;277
175;64;Directed;2482;41Y;277
64;175;Directed;2483;41Y;304
175;176;Directed;2484;41Y;304
176;124;Directed;2485;41Y;304
124;287;Directed;2486;41Y;304
287;149;Directed;2487;41Y;304
149;163;Directed;2488;41Y;304
163;82;Directed;2489;41Y;304
82;98;Directed;2490;41Y;304
98;294;Directed;2491;41Y;304
294;58;Directed;2492;41Y;304
58;111;Directed;2493;41Y;304
111;174;Directed;2494;41Y;304
174;87;Directed;2495;41Y;304
87;125;Directed;2496;41Y;304
125;279;Directed;2497;41Y;304
279;300;Directed;2498;41Y;304
286;275;Directed;2499;42;150
275;274;Directed;2500;42;150
274;19;Directed;2501;42;150
19;134;Directed;2502;42;150
134;242;Directed;2503;42;150
242;25;Directed;2504;42;150
25;90;Directed;2505;42;150
90;181;Directed;2506;42;150
181;57;Directed;2507;42;150
57;197;Directed;2508;42;150
197;226;Directed;2509;42;150
226;258;Directed;2510;42;150
258;58;Directed;2511;42;150
58;111;Directed;2512;42;150
111;249;Directed;2513;42;150
249;142;Directed;2514;42;150
142;146;Directed;2515;42;150
146;289;Directed;2516;42;150
289;267;Directed;2517;42;150
267;136;Directed;2518;42;150
136;80;Directed;2519;42;150
80;271;Directed;2520;42;150
271;229;Directed;2521;42;150
229;299;Directed;2522;42;150
299;278;Directed;2523;42;150
278;110;Directed;2524;42;150
110;35;Directed;2525;42;150
35;211;Directed;2526;42;150
211;212;Directed;2527;42;150
212;213;Directed;2528;42;150
213;156;Directed;2529;42;150
156;110;Directed;2530;42;150
110;278;Directed;2531;42;150
278;299;Directed;2532;42;150
299;229;Directed;2533;42;150
229;80;Directed;2534;42;150
80;136;Directed;2535;42;150
136;267;Directed;2536;42;150
267;289;Directed;2537;42;150
289;146;Directed;2538;42;150
146;142;Directed;2539;42;150
142;249;Directed;2540;42;150
249;111;Directed;2541;42;150
111;58;Directed;2542;42;150
58;294;Directed;2543;42;150
294;226;Directed;2544;42;150
226;197;Directed;2545;42;150
197;57;Directed;2546;42;150
57;181;Directed;2547;42;150
181;90;Directed;2548;42;150
90;25;Directed;2549;42;150
25;242;Directed;2550;42;150
242;134;Directed;2551;42;150
134;19;Directed;2552;42;150
19;274;Directed;2553;42;150
274;275;Directed;2554;42;150
275;286;Directed;2555;42;150
197;291;Directed;2556;43;180
291;98;Directed;2557;43;180
98;194;Directed;2558;43;180
194;66;Directed;2559;43;180
66;45;Directed;2560;43;180
45;218;Directed;2561;43;180
218;31;Directed;2562;43;180
31;32;Directed;2563;43;180
32;231;Directed;2564;43;180
231;169;Directed;2565;43;180
169;192;Directed;2566;43;180
192;142;Directed;2567;43;180
142;146;Directed;2568;43;180
146;289;Directed;2569;43;180
289;267;Directed;2570;43;180
267;170;Directed;2571;43;180
170;280;Directed;2572;43;180
280;271;Directed;2573;43;180
271;229;Directed;2574;43;180
229;299;Directed;2575;43;180
299;278;Directed;2576;43;180
278;110;Directed;2577;43;180
110;156;Directed;2578;43;180
156;110;Directed;2579;43;150
110;278;Directed;2580;43;150
278;299;Directed;2581;43;150
299;229;Directed;2582;43;150
229;280;Directed;2583;43;150
280;170;Directed;2584;43;150
170;267;Directed;2585;43;150
267;289;Directed;2586;43;150
289;146;Directed;2587;43;150
146;142;Directed;2588;43;150
142;192;Directed;2589;43;150
192;169;Directed;2590;43;150
169;141;Directed;2591;43;150
141;231;Directed;2592;43;150
231;32;Directed;2593;43;150
32;31;Directed;2594;43;150
31;218;Directed;2595;43;150
218;45;Directed;2596;43;150
45;66;Directed;2597;43;150
66;98;Directed;2598;43;150
98;291;Directed;2599;43;150
291;197;Directed;2600;43;150
197;57;Directed;2601;44;300
57;181;Directed;2602;44;300
181;47;Directed;2603;44;300
47;119;Directed;2604;44;300
119;252;Directed;2605;44;300
252;234;Directed;2606;44;300
234;217;Directed;2607;44;300
217;23;Directed;2608;44;300
23;109;Directed;2609;44;300
109;147;Directed;2610;44;300
147;119;Directed;2611;44;300
119;47;Directed;2612;44;300
47;181;Directed;2613;44;300
181;57;Directed;2614;44;300
57;197;Directed;2615;44;300
300;279;Directed;2616;45;201
279;125;Directed;2617;45;201
125;282;Directed;2618;45;201
282;79;Directed;2619;45;201
79;157;Directed;2620;45;201
157;249;Directed;2621;45;201
249;111;Directed;2622;45;201
111;58;Directed;2623;45;201
58;294;Directed;2624;45;201
294;135;Directed;2625;45;201
135;98;Directed;2626;45;201
98;162;Directed;2627;45;201
162;82;Directed;2628;45;201
82;163;Directed;2629;45;201
163;253;Directed;2630;45;201
253;233;Directed;2631;45;201
233;108;Directed;2632;45;201
108;152;Directed;2633;45;201
152;293;Directed;2634;45;201
293;152;Directed;2635;45;201
152;108;Directed;2636;45;201
108;233;Directed;2637;45;201
233;253;Directed;2638;45;201
253;163;Directed;2639;45;201
163;82;Directed;2640;45;201
82;98;Directed;2641;45;201
98;294;Directed;2642;45;201
294;58;Directed;2643;45;201
58;111;Directed;2644;45;201
111;249;Directed;2645;45;201
249;157;Directed;2646;45;201
157;79;Directed;2647;45;201
79;282;Directed;2648;45;201
282;125;Directed;2649;45;201
125;279;Directed;2650;45;201
279;300;Directed;2651;45;201
105;243;Directed;2652;46;160
243;97;Directed;2653;46;160
97;48;Directed;2654;46;160
48;81;Directed;2655;46;160
81;122;Directed;2656;46;160
122;229;Directed;2657;46;160
229;80;Directed;2658;46;160
80;61;Directed;2659;46;160
61;67;Directed;2660;46;160
67;157;Directed;2661;46;160
157;249;Directed;2662;46;160
249;111;Directed;2663;46;160
111;191;Directed;2664;46;160
191;190;Directed;2665;46;160
190;197;Directed;2666;46;160
197;190;Directed;2667;46Y;200
190;191;Directed;2668;46Y;200
191;111;Directed;2669;46Y;200
111;249;Directed;2670;46Y;200
249;157;Directed;2671;46Y;200
157;67;Directed;2672;46Y;200
67;61;Directed;2673;46Y;200
61;80;Directed;2674;46Y;200
80;271;Directed;2675;46Y;200
271;229;Directed;2676;46Y;200
229;122;Directed;2677;46Y;200
122;81;Directed;2678;46Y;200
81;123;Directed;2679;46Y;200
123;121;Directed;2680;46Y;200
121;123;Directed;2681;46Y;200
123;48;Directed;2682;46Y;200
48;97;Directed;2683;46Y;200
97;243;Directed;2684;46Y;200
243;105;Directed;2685;46Y;200
197;111;Directed;2686;46E;80
111;249;Directed;2687;46E;80
249;67;Directed;2688;46E;80
67;61;Directed;2689;46E;80
61;229;Directed;2690;46E;80
229;81;Directed;2691;46E;80
81;123;Directed;2692;46E;80
123;121;Directed;2693;46E;80
121;123;Directed;2694;46E;120
123;81;Directed;2695;46E;120
81;229;Directed;2696;46E;120
229;61;Directed;2697;46E;120
61;67;Directed;2698;46E;120
67;249;Directed;2699;46E;120
249;111;Directed;2700;46E;120
111;197;Directed;2701;46E;120
197;57;Directed;2702;47;120
57;181;Directed;2703;47;120
181;90;Directed;2704;47;120
90;25;Directed;2705;47;120
25;242;Directed;2706;47;120
242;134;Directed;2707;47;120
134;19;Directed;2708;47;120
19;274;Directed;2709;47;120
274;275;Directed;2710;47;120
275;286;Directed;2711;47;120
286;275;Directed;2712;47;150
275;274;Directed;2713;47;150
274;19;Directed;2714;47;150
19;134;Directed;2715;47;150
134;242;Directed;2716;47;150
242;25;Directed;2717;47;150
25;90;Directed;2718;47;150
90;181;Directed;2719;47;150
181;57;Directed;2720;47;150
57;197;Directed;2721;47;150
197;57;Directed;2722;47Y;60
57;181;Directed;2723;47Y;60
181;47;Directed;2724;47Y;60
47;119;Directed;2725;47Y;60
119;34;Directed;2726;47Y;60
34;77;Directed;2727;47Y;60
77;25;Directed;2728;47Y;60
25;242;Directed;2729;47Y;60
242;134;Directed;2730;47Y;60
134;19;Directed;2731;47Y;60
19;274;Directed;2732;47Y;60
274;275;Directed;2733;47Y;60
275;286;Directed;2734;47Y;60
286;275;Directed;2735;47Y;60
275;274;Directed;2736;47Y;60
274;19;Directed;2737;47Y;60
19;134;Directed;2738;47Y;60
134;242;Directed;2739;47Y;60
242;25;Directed;2740;47Y;60
25;90;Directed;2741;47Y;60
90;77;Directed;2742;47Y;60
77;34;Directed;2743;47Y;60
34;252;Directed;2744;47Y;60
252;119;Directed;2745;47Y;60
119;47;Directed;2746;47Y;60
47;181;Directed;2747;47Y;60
181;57;Directed;2748;47Y;60
57;197;Directed;2749;47Y;60
197;225;Directed;2750;48;414
225;187;Directed;2751;48;414
187;298;Directed;2752;48;414
298;167;Directed;2753;48;414
167;133;Directed;2754;48;414
133;166;Directed;2755;48;414
166;228;Directed;2756;48;414
228;188;Directed;2757;48;414
188;235;Directed;2758;48;414
235;52;Directed;2759;48;414
52;219;Directed;2760;48;414
219;52;Directed;2761;48;414
52;235;Directed;2762;48;414
235;188;Directed;2763;48;414
188;228;Directed;2764;48;414
228;166;Directed;2765;48;414
166;133;Directed;2766;48;414
133;167;Directed;2767;48;414
167;298;Directed;2768;48;414
298;187;Directed;2769;48;414
187;225;Directed;2770;48;414
225;197;Directed;2771;48;414
