Source;Target;Type;Id;Label;Weight
242;175;Directed;1000;1;700
175;154;Directed;1001;1;700
154;136;Directed;1002;1;700
136;186;Directed;1003;1;700
186;158;Directed;1004;1;700
158;70;Directed;1005;1;700
70;247;Directed;1006;1;700
247;169;Directed;1007;1;700
169;203;Directed;1008;1;700
203;138;Directed;1009;1;700
138;135;Directed;1010;1;700
135;4;Directed;1011;1;700
4;229;Directed;1012;1;700
229;53;Directed;1013;1;700
53;245;Directed;1014;1;700
245;203;Directed;1015;1;700
203;169;Directed;1016;1;700
169;247;Directed;1017;1;700
247;70;Directed;1018;1;700
70;158;Directed;1019;1;700
158;186;Directed;1020;1;700
186;136;Directed;1021;1;700
136;154;Directed;1022;1;700
154;175;Directed;1023;1;700
175;242;Directed;1024;1;700
242;175;Directed;1025;2;400
175;154;Directed;1026;2;400
154;136;Directed;1027;2;400
136;240;Directed;1028;2;400
240;64;Directed;1029;2;400
64;187;Directed;1030;2;400
187;127;Directed;1031;2;400
127;256;Directed;1032;2;400
256;15;Directed;1033;2;400
15;45;Directed;1034;2;400
45;255;Directed;1035;2;400
255;164;Directed;1036;2;400
164;83;Directed;1037;2;400
83;43;Directed;1038;2;400
43;44;Directed;1039;2;400
44;162;Directed;1040;2;400
162;132;Directed;1041;2;400
132;161;Directed;1042;2;400
161;73;Directed;1043;2;400
73;16;Directed;1044;2;400
16;224;Directed;1045;2;400
224;156;Directed;1046;2;400
156;224;Directed;1047;2;400
224;16;Directed;1048;2;400
16;73;Directed;1049;2;400
73;161;Directed;1050;2;400
161;132;Directed;1051;2;400
132;162;Directed;1052;2;400
162;44;Directed;1053;2;400
44;43;Directed;1054;2;400
43;83;Directed;1055;2;400
83;164;Directed;1056;2;400
164;255;Directed;1057;2;400
255;45;Directed;1058;2;400
45;15;Directed;1059;2;400
15;256;Directed;1060;2;400
256;127;Directed;1061;2;400
127;187;Directed;1062;2;400
187;222;Directed;1063;2;400
222;64;Directed;1064;2;400
64;240;Directed;1065;2;400
240;136;Directed;1066;2;400
136;154;Directed;1067;2;400
154;175;Directed;1068;2;400
175;242;Directed;1069;2;400
242;175;Directed;1070;2A;432
175;154;Directed;1071;2A;432
154;136;Directed;1072;2A;432
136;240;Directed;1073;2A;432
240;64;Directed;1074;2A;432
64;187;Directed;1075;2A;432
187;127;Directed;1076;2A;432
127;256;Directed;1077;2A;432
256;15;Directed;1078;2A;432
15;45;Directed;1079;2A;432
45;255;Directed;1080;2A;432
255;164;Directed;1081;2A;432
164;83;Directed;1082;2A;432
83;43;Directed;1083;2A;432
43;44;Directed;1084;2A;432
44;162;Directed;1085;2A;432
162;132;Directed;1086;2A;432
132;161;Directed;1087;2A;432
161;73;Directed;1088;2A;432
73;161;Directed;1089;2A;500
161;132;Directed;1090;2A;500
132;162;Directed;1091;2A;500
162;44;Directed;1092;2A;500
44;43;Directed;1093;2A;500
43;83;Directed;1094;2A;500
83;164;Directed;1095;2A;500
164;255;Directed;1096;2A;500
255;45;Directed;1097;2A;500
45;15;Directed;1098;2A;500
15;256;Directed;1099;2A;500
256;127;Directed;1100;2A;500
127;187;Directed;1101;2A;500
187;222;Directed;1102;2A;500
222;64;Directed;1103;2A;500
64;240;Directed;1104;2A;500
240;136;Directed;1105;2A;500
136;154;Directed;1106;2A;500
154;175;Directed;1107;2A;500
175;242;Directed;1108;2A;500
120;53;Directed;1109;3;700
53;245;Directed;1110;3;700
245;203;Directed;1111;3;700
203;169;Directed;1112;3;700
169;39;Directed;1113;3;700
39;36;Directed;1114;3;700
36;14;Directed;1115;3;700
14;227;Directed;1116;3;700
227;42;Directed;1117;3;700
42;104;Directed;1118;3;700
104;77;Directed;1119;3;700
77;256;Directed;1120;3;700
256;15;Directed;1121;3;700
15;21;Directed;1122;3;700
21;42;Directed;1123;3;700
42;227;Directed;1124;3;700
227;14;Directed;1125;3;700
14;36;Directed;1126;3;700
36;39;Directed;1127;3;700
39;203;Directed;1128;3;700
203;138;Directed;1129;3;700
138;245;Directed;1130;3;700
245;53;Directed;1131;3;700
53;120;Directed;1132;3;700
242;175;Directed;1133;4;201
175;154;Directed;1134;4;201
154;226;Directed;1135;4;201
226;158;Directed;1136;4;201
158;160;Directed;1137;4;201
160;116;Directed;1138;4;201
116;199;Directed;1139;4;201
199;77;Directed;1140;4;201
77;246;Directed;1141;4;201
246;15;Directed;1142;4;201
15;45;Directed;1143;4;201
45;255;Directed;1144;4;201
255;164;Directed;1145;4;201
164;83;Directed;1146;4;201
83;43;Directed;1147;4;201
43;44;Directed;1148;4;201
44;162;Directed;1149;4;201
162;132;Directed;1150;4;201
132;161;Directed;1151;4;201
161;73;Directed;1152;4;201
73;24;Directed;1153;4;201
24;100;Directed;1154;4;201
100;97;Directed;1155;4;201
97;100;Directed;1156;4;240
100;24;Directed;1157;4;240
24;73;Directed;1158;4;240
73;161;Directed;1159;4;240
161;132;Directed;1160;4;240
132;162;Directed;1161;4;240
162;44;Directed;1162;4;240
44;43;Directed;1163;4;240
43;83;Directed;1164;4;240
83;164;Directed;1165;4;240
164;255;Directed;1166;4;240
255;45;Directed;1167;4;240
45;15;Directed;1168;4;240
15;246;Directed;1169;4;240
246;77;Directed;1170;4;240
77;199;Directed;1171;4;240
199;116;Directed;1172;4;240
116;211;Directed;1173;4;240
211;158;Directed;1174;4;240
158;226;Directed;1175;4;240
226;154;Directed;1176;4;240
154;175;Directed;1177;4;240
175;242;Directed;1178;4;240
242;175;Directed;1179;4Arp;30
175;154;Directed;1180;4Arp;30
154;226;Directed;1181;4Arp;30
226;158;Directed;1182;4Arp;30
158;160;Directed;1183;4Arp;30
160;116;Directed;1184;4Arp;30
116;199;Directed;1185;4Arp;30
199;77;Directed;1186;4Arp;30
77;246;Directed;1187;4Arp;30
246;15;Directed;1188;4Arp;30
15;45;Directed;1189;4Arp;30
45;255;Directed;1190;4Arp;30
255;164;Directed;1191;4Arp;30
164;83;Directed;1192;4Arp;30
83;43;Directed;1193;4Arp;30
43;44;Directed;1194;4Arp;30
44;162;Directed;1195;4Arp;30
162;132;Directed;1196;4Arp;30
132;161;Directed;1197;4Arp;30
161;73;Directed;1198;4Arp;30
73;24;Directed;1199;4Arp;30
24;100;Directed;1200;4Arp;30
100;97;Directed;1201;4Arp;30
97;18;Directed;1202;4Arp;30
18;17;Directed;1203;4Arp;30
17;18;Directed;1204;4Arp;30
18;97;Directed;1205;4Arp;30
97;100;Directed;1206;4Arp;30
100;24;Directed;1207;4Arp;30
24;73;Directed;1208;4Arp;30
73;161;Directed;1209;4Arp;30
161;132;Directed;1210;4Arp;30
132;162;Directed;1211;4Arp;30
162;44;Directed;1212;4Arp;30
44;43;Directed;1213;4Arp;30
43;83;Directed;1214;4Arp;30
83;164;Directed;1215;4Arp;30
164;255;Directed;1216;4Arp;30
255;45;Directed;1217;4Arp;30
45;15;Directed;1218;4Arp;30
15;246;Directed;1219;4Arp;30
246;77;Directed;1220;4Arp;30
77;199;Directed;1221;4Arp;30
199;116;Directed;1222;4Arp;30
116;211;Directed;1223;4Arp;30
211;158;Directed;1224;4Arp;30
158;226;Directed;1225;4Arp;30
226;154;Directed;1226;4Arp;30
154;175;Directed;1227;4Arp;30
175;242;Directed;1228;4Arp;30
242;175;Directed;1229;4F;30
175;154;Directed;1230;4F;30
154;226;Directed;1231;4F;30
226;158;Directed;1232;4F;30
158;160;Directed;1233;4F;30
160;116;Directed;1234;4F;30
116;199;Directed;1235;4F;30
199;77;Directed;1236;4F;30
81;71;Directed;1237;4G;30
71;30;Directed;1238;4G;30
30;126;Directed;1239;4G;30
126;48;Directed;1240;4G;30
48;117;Directed;1241;4G;30
117;97;Directed;1242;4G;30
97;100;Directed;1243;4G;30
100;24;Directed;1244;4G;30
24;73;Directed;1245;4G;30
73;161;Directed;1246;4G;30
161;132;Directed;1247;4G;30
132;162;Directed;1248;4G;30
162;44;Directed;1249;4G;30
44;43;Directed;1250;4G;30
43;83;Directed;1251;4G;30
83;164;Directed;1252;4G;30
164;255;Directed;1253;4G;30
255;45;Directed;1254;4G;30
45;15;Directed;1255;4G;30
15;246;Directed;1256;4G;30
246;77;Directed;1257;4G;30
77;199;Directed;1258;4G;30
199;116;Directed;1259;4G;30
116;211;Directed;1260;4G;30
211;158;Directed;1261;4G;30
158;226;Directed;1262;4G;30
226;154;Directed;1263;4G;30
154;175;Directed;1264;4G;30
175;242;Directed;1265;4G;30
242;175;Directed;1266;4Y;240
175;154;Directed;1267;4Y;240
154;226;Directed;1268;4Y;240
226;158;Directed;1269;4Y;240
158;160;Directed;1270;4Y;240
160;116;Directed;1271;4Y;240
116;199;Directed;1272;4Y;240
199;77;Directed;1273;4Y;240
77;246;Directed;1274;4Y;240
246;15;Directed;1275;4Y;240
15;45;Directed;1276;4Y;240
45;255;Directed;1277;4Y;240
255;164;Directed;1278;4Y;240
164;83;Directed;1279;4Y;240
83;43;Directed;1280;4Y;240
43;178;Directed;1281;4Y;240
178;125;Directed;1282;4Y;240
125;13;Directed;1283;4Y;240
13;2;Directed;1284;4Y;240
2;130;Directed;1285;4Y;240
130;113;Directed;1286;4Y;240
113;241;Directed;1287;4Y;240
241;113;Directed;1288;4Y;300
113;130;Directed;1289;4Y;300
130;2;Directed;1290;4Y;300
2;13;Directed;1291;4Y;300
13;125;Directed;1292;4Y;300
125;178;Directed;1293;4Y;300
178;43;Directed;1294;4Y;300
43;83;Directed;1295;4Y;300
83;164;Directed;1296;4Y;300
164;255;Directed;1297;4Y;300
255;45;Directed;1298;4Y;300
45;15;Directed;1299;4Y;300
15;246;Directed;1300;4Y;300
246;77;Directed;1301;4Y;300
77;199;Directed;1302;4Y;300
199;116;Directed;1303;4Y;300
116;211;Directed;1304;4Y;300
211;158;Directed;1305;4Y;300
158;226;Directed;1306;4Y;300
226;154;Directed;1307;4Y;300
154;175;Directed;1308;4Y;300
175;242;Directed;1309;4Y;300
241;113;Directed;1310;4YF;30
113;130;Directed;1311;4YF;30
130;2;Directed;1312;4YF;30
2;13;Directed;1313;4YF;30
13;125;Directed;1314;4YF;30
125;178;Directed;1315;4YF;30
178;43;Directed;1316;4YF;30
43;83;Directed;1317;4YF;30
83;164;Directed;1318;4YF;30
164;255;Directed;1319;4YF;30
255;45;Directed;1320;4YF;30
45;15;Directed;1321;4YF;30
15;246;Directed;1322;4YF;30
246;77;Directed;1323;4YF;30
120;53;Directed;1324;6;700
53;245;Directed;1325;6;700
245;138;Directed;1326;6;700
138;135;Directed;1327;6;700
135;142;Directed;1328;6;700
142;231;Directed;1329;6;700
231;232;Directed;1330;6;700
232;31;Directed;1331;6;700
31;42;Directed;1332;6;700
42;104;Directed;1333;6;700
104;77;Directed;1334;6;700
77;256;Directed;1335;6;700
256;15;Directed;1336;6;700
15;21;Directed;1337;6;700
21;42;Directed;1338;6;700
42;31;Directed;1339;6;700
31;232;Directed;1340;6;700
232;231;Directed;1341;6;700
231;142;Directed;1342;6;700
142;135;Directed;1343;6;700
135;138;Directed;1344;6;700
138;245;Directed;1345;6;700
245;53;Directed;1346;6;700
53;120;Directed;1347;6;700
77;256;Directed;1348;71;200
256;15;Directed;1349;71;200
15;21;Directed;1350;71;200
21;42;Directed;1351;71;200
42;31;Directed;1352;71;200
31;232;Directed;1353;71;200
232;231;Directed;1354;71;200
231;142;Directed;1355;71;200
142;4;Directed;1356;71;200
4;229;Directed;1357;71;200
229;53;Directed;1358;71;200
53;69;Directed;1359;71;200
69;57;Directed;1360;71;200
57;150;Directed;1361;71;200
150;57;Directed;1362;71;400
57;69;Directed;1363;71;400
69;53;Directed;1364;71;400
53;229;Directed;1365;71;400
229;4;Directed;1366;71;400
4;142;Directed;1367;71;400
142;231;Directed;1368;71;400
231;232;Directed;1369;71;400
232;31;Directed;1370;71;400
31;42;Directed;1371;71;400
42;21;Directed;1372;71;400
21;15;Directed;1373;71;400
15;256;Directed;1374;71;400
256;77;Directed;1375;71;400
77;256;Directed;1376;71Y;150
256;15;Directed;1377;71Y;150
15;21;Directed;1378;71Y;150
21;42;Directed;1379;71Y;150
42;31;Directed;1380;71Y;150
31;232;Directed;1381;71Y;150
232;231;Directed;1382;71Y;150
231;142;Directed;1383;71Y;150
142;4;Directed;1384;71Y;150
4;229;Directed;1385;71Y;150
229;53;Directed;1386;71Y;150
53;147;Directed;1387;71Y;150
147;148;Directed;1388;71Y;150
148;150;Directed;1389;71Y;150
77;256;Directed;1390;72;400
256;15;Directed;1391;72;400
15;21;Directed;1392;72;400
21;42;Directed;1393;72;400
42;31;Directed;1394;72;400
31;232;Directed;1395;72;400
232;231;Directed;1396;72;400
231;142;Directed;1397;72;400
142;4;Directed;1398;72;400
4;229;Directed;1399;72;400
229;53;Directed;1400;72;400
53;238;Directed;1401;72;400
238;80;Directed;1402;72;400
80;149;Directed;1403;72;400
149;52;Directed;1404;72;400
52;72;Directed;1405;72;400
72;52;Directed;1406;72;350
52;149;Directed;1407;72;350
149;80;Directed;1408;72;350
80;238;Directed;1409;72;350
238;53;Directed;1410;72;350
53;229;Directed;1411;72;350
229;4;Directed;1412;72;350
4;142;Directed;1413;72;350
142;231;Directed;1414;72;350
231;232;Directed;1415;72;350
232;31;Directed;1416;72;350
31;42;Directed;1417;72;350
42;21;Directed;1418;72;350
21;15;Directed;1419;72;350
15;256;Directed;1420;72;350
256;77;Directed;1421;72;350
43;44;Directed;1422;12;60
44;162;Directed;1423;12;60
162;132;Directed;1424;12;60
132;161;Directed;1425;12;60
161;73;Directed;1426;12;60
73;24;Directed;1427;12;60
24;100;Directed;1428;12;60
100;97;Directed;1429;12;60
97;19;Directed;1430;12;60
19;34;Directed;1431;12;60
34;107;Directed;1432;12;60
107;108;Directed;1433;12;60
108;109;Directed;1434;12;60
109;110;Directed;1435;12;60
110;109;Directed;1436;12;90
109;108;Directed;1437;12;90
108;107;Directed;1438;12;90
107;34;Directed;1439;12;90
34;19;Directed;1440;12;90
19;97;Directed;1441;12;90
97;100;Directed;1442;12;90
100;24;Directed;1443;12;90
24;73;Directed;1444;12;90
73;161;Directed;1445;12;90
161;132;Directed;1446;12;90
132;162;Directed;1447;12;90
162;44;Directed;1448;12;90
44;43;Directed;1449;12;90
77;256;Directed;1450;13;100
256;15;Directed;1451;13;100
15;45;Directed;1452;13;100
45;255;Directed;1453;13;100
255;164;Directed;1454;13;100
164;83;Directed;1455;13;100
83;43;Directed;1456;13;100
43;11;Directed;1457;13;100
11;67;Directed;1458;13;100
67;55;Directed;1459;13;100
55;177;Directed;1460;13;100
177;166;Directed;1461;13;100
166;176;Directed;1462;13;100
176;208;Directed;1463;13;100
208;209;Directed;1464;13;100
209;145;Directed;1465;13;100
145;79;Directed;1466;13;100
79;251;Directed;1467;13;100
251;250;Directed;1468;13;100
250;118;Directed;1469;13;100
118;94;Directed;1470;13;100
94;228;Directed;1471;13;100
228;253;Directed;1472;13;100
253;88;Directed;1473;13;100
88;93;Directed;1474;13;100
93;88;Directed;1475;13;100
88;253;Directed;1476;13;100
253;228;Directed;1477;13;100
228;94;Directed;1478;13;100
94;118;Directed;1479;13;100
118;250;Directed;1480;13;100
250;251;Directed;1481;13;100
251;79;Directed;1482;13;100
79;145;Directed;1483;13;100
145;209;Directed;1484;13;100
209;208;Directed;1485;13;100
208;176;Directed;1486;13;100
176;166;Directed;1487;13;100
166;177;Directed;1488;13;100
177;55;Directed;1489;13;100
55;67;Directed;1490;13;100
67;11;Directed;1491;13;100
11;43;Directed;1492;13;100
43;83;Directed;1493;13;100
83;164;Directed;1494;13;100
164;255;Directed;1495;13;100
255;45;Directed;1496;13;100
45;15;Directed;1497;13;100
15;256;Directed;1498;13;100
256;77;Directed;1499;13;100
77;256;Directed;1500;113;100
256;15;Directed;1501;113;100
15;45;Directed;1502;113;100
45;255;Directed;1503;113;100
255;164;Directed;1504;113;100
164;83;Directed;1505;113;100
83;43;Directed;1506;113;100
43;67;Directed;1507;113;100
67;94;Directed;1508;113;100
94;228;Directed;1509;113;100
228;253;Directed;1510;113;100
253;88;Directed;1511;113;100
88;93;Directed;1512;113;100
93;88;Directed;1513;113;100
88;253;Directed;1514;113;100
253;228;Directed;1515;113;100
228;94;Directed;1516;113;100
94;248;Directed;1517;113;100
248;166;Directed;1518;113;100
166;67;Directed;1519;113;100
67;43;Directed;1520;113;100
43;83;Directed;1521;113;100
83;164;Directed;1522;113;100
164;255;Directed;1523;113;100
255;45;Directed;1524;113;100
45;15;Directed;1525;113;100
15;256;Directed;1526;113;100
256;77;Directed;1527;113;100
77;256;Directed;1528;14;200
256;15;Directed;1529;14;200
15;45;Directed;1530;14;200
45;255;Directed;1531;14;200
255;164;Directed;1532;14;200
164;83;Directed;1533;14;200
83;43;Directed;1534;14;200
43;11;Directed;1535;14;200
11;67;Directed;1536;14;200
67;55;Directed;1537;14;200
55;177;Directed;1538;14;200
177;166;Directed;1539;14;200
166;176;Directed;1540;14;200
176;208;Directed;1541;14;200
208;209;Directed;1542;14;200
209;145;Directed;1543;14;200
145;79;Directed;1544;14;200
79;251;Directed;1545;14;200
251;250;Directed;1546;14;200
250;35;Directed;1547;14;200
35;249;Directed;1548;14;200
249;32;Directed;1549;14;200
32;143;Directed;1550;14;200
143;188;Directed;1551;14;200
188;143;Directed;1552;14;250
143;32;Directed;1553;14;250
32;249;Directed;1554;14;250
249;35;Directed;1555;14;250
35;250;Directed;1556;14;250
250;251;Directed;1557;14;250
251;79;Directed;1558;14;250
79;145;Directed;1559;14;250
145;209;Directed;1560;14;250
209;208;Directed;1561;14;250
208;176;Directed;1562;14;250
176;166;Directed;1563;14;250
166;177;Directed;1564;14;250
177;55;Directed;1565;14;250
55;67;Directed;1566;14;250
67;11;Directed;1567;14;250
11;43;Directed;1568;14;250
43;83;Directed;1569;14;250
83;164;Directed;1570;14;250
164;255;Directed;1571;14;250
255;45;Directed;1572;14;250
45;15;Directed;1573;14;250
15;256;Directed;1574;14;250
256;77;Directed;1575;14;250
77;256;Directed;1576;14Y;50
256;15;Directed;1577;14Y;50
15;45;Directed;1578;14Y;50
45;255;Directed;1579;14Y;50
255;164;Directed;1580;14Y;50
164;83;Directed;1581;14Y;50
83;43;Directed;1582;14Y;50
43;11;Directed;1583;14Y;50
11;67;Directed;1584;14Y;50
67;55;Directed;1585;14Y;50
55;177;Directed;1586;14Y;50
177;166;Directed;1587;14Y;50
166;176;Directed;1588;14Y;50
176;208;Directed;1589;14Y;50
208;209;Directed;1590;14Y;50
209;207;Directed;1591;14Y;50
207;205;Directed;1592;14Y;50
205;207;Directed;1593;14Y;50
207;209;Directed;1594;14Y;50
209;145;Directed;1595;14Y;50
145;79;Directed;1596;14Y;50
79;251;Directed;1597;14Y;50
251;250;Directed;1598;14Y;50
250;35;Directed;1599;14Y;50
35;249;Directed;1600;14Y;50
249;32;Directed;1601;14Y;50
32;143;Directed;1602;14Y;50
143;188;Directed;1603;14Y;50
188;143;Directed;1604;14Y;30
143;32;Directed;1605;14Y;30
32;249;Directed;1606;14Y;30
249;35;Directed;1607;14Y;30
35;250;Directed;1608;14Y;30
250;251;Directed;1609;14Y;30
251;79;Directed;1610;14Y;30
79;145;Directed;1611;14Y;30
145;209;Directed;1612;14Y;30
209;207;Directed;1613;14Y;30
207;205;Directed;1614;14Y;30
205;207;Directed;1615;14Y;30
207;209;Directed;1616;14Y;30
209;208;Directed;1617;14Y;30
208;176;Directed;1618;14Y;30
176;166;Directed;1619;14Y;30
166;177;Directed;1620;14Y;30
177;55;Directed;1621;14Y;30
55;67;Directed;1622;14Y;30
67;11;Directed;1623;14Y;30
11;43;Directed;1624;14Y;30
43;83;Directed;1625;14Y;30
83;164;Directed;1626;14Y;30
164;255;Directed;1627;14Y;30
255;45;Directed;1628;14Y;30
45;15;Directed;1629;14Y;30
15;256;Directed;1630;14Y;30
256;77;Directed;1631;14Y;30
188;143;Directed;1632;104;100
143;32;Directed;1633;104;100
32;249;Directed;1634;104;100
249;35;Directed;1635;104;100
35;250;Directed;1636;104;100
250;251;Directed;1637;104;100
251;79;Directed;1638;104;100
79;145;Directed;1639;104;100
145;209;Directed;1640;104;100
209;208;Directed;1641;104;100
208;176;Directed;1642;104;100
176;166;Directed;1643;104;100
166;177;Directed;1644;104;100
177;55;Directed;1645;104;100
55;67;Directed;1646;104;100
67;11;Directed;1647;104;100
11;43;Directed;1648;104;100
43;83;Directed;1649;104;100
83;164;Directed;1650;104;100
164;255;Directed;1651;104;100
255;45;Directed;1652;104;100
45;15;Directed;1653;104;100
15;256;Directed;1654;104;100
256;77;Directed;1655;104;100
77;199;Directed;1656;104;100
199;116;Directed;1657;104;100
116;211;Directed;1658;104;100
211;158;Directed;1659;104;100
158;226;Directed;1660;104;100
226;154;Directed;1661;104;100
154;175;Directed;1662;104;100
175;242;Directed;1663;104;100
110;109;Directed;1664;155;30
109;108;Directed;1665;155;30
108;201;Directed;1666;155;30
201;206;Directed;1667;155;30
206;205;Directed;1668;155;30
205;207;Directed;1669;155;30
207;209;Directed;1670;155;30
209;208;Directed;1671;155;30
208;176;Directed;1672;155;30
176;166;Directed;1673;155;30
166;177;Directed;1674;155;30
177;55;Directed;1675;155;30
55;67;Directed;1676;155;30
67;11;Directed;1677;155;30
11;43;Directed;1678;155;30
43;83;Directed;1679;155;30
83;164;Directed;1680;155;30
164;65;Directed;1681;155;30
65;191;Directed;1682;155;30
191;140;Directed;1683;155;30
140;38;Directed;1684;155;30
38;144;Directed;1685;155;30
144;45;Directed;1686;155;30
45;15;Directed;1687;155;30
15;256;Directed;1688;155;30
256;127;Directed;1689;155;30
127;187;Directed;1690;155;30
187;7;Directed;1691;155;30
7;101;Directed;1692;155;30
101;124;Directed;1693;155;30
77;256;Directed;1694;15;60
256;15;Directed;1695;15;60
15;45;Directed;1696;15;60
45;255;Directed;1697;15;60
255;164;Directed;1698;15;60
164;83;Directed;1699;15;60
83;43;Directed;1700;15;60
43;11;Directed;1701;15;60
11;67;Directed;1702;15;60
67;55;Directed;1703;15;60
55;177;Directed;1704;15;60
177;166;Directed;1705;15;60
166;176;Directed;1706;15;60
176;208;Directed;1707;15;60
208;209;Directed;1708;15;60
209;207;Directed;1709;15;60
207;205;Directed;1710;15;60
205;206;Directed;1711;15;60
206;201;Directed;1712;15;60
201;108;Directed;1713;15;60
108;109;Directed;1714;15;60
109;110;Directed;1715;15;60
205;207;Directed;1716;15S;90
207;209;Directed;1717;15S;90
209;208;Directed;1718;15S;90
208;176;Directed;1719;15S;90
176;166;Directed;1720;15S;90
166;177;Directed;1721;15S;90
177;55;Directed;1722;15S;90
55;67;Directed;1723;15S;90
67;11;Directed;1724;15S;90
11;43;Directed;1725;15S;90
43;83;Directed;1726;15S;90
83;164;Directed;1727;15S;90
164;255;Directed;1728;15S;90
255;45;Directed;1729;15S;90
45;15;Directed;1730;15S;90
15;256;Directed;1731;15S;90
256;77;Directed;1732;15S;90
43;75;Directed;1733;16;30
75;43;Directed;1734;16;30
77;21;Directed;1735;20;30
21;196;Directed;1736;20;30
196;45;Directed;1737;20;30
45;255;Directed;1738;20;30
255;164;Directed;1739;20;30
164;230;Directed;1740;20;30
230;212;Directed;1741;20;30
212;62;Directed;1742;20;30
62;96;Directed;1743;20;30
96;62;Directed;1744;20;30
62;212;Directed;1745;20;30
212;230;Directed;1746;20;30
230;164;Directed;1747;20;30
164;255;Directed;1748;20;30
255;45;Directed;1749;20;30
45;196;Directed;1750;20;30
196;21;Directed;1751;20;30
21;77;Directed;1752;20;30
77;21;Directed;1753;20F;30
21;196;Directed;1754;20F;30
196;45;Directed;1755;20F;30
45;255;Directed;1756;20F;30
255;164;Directed;1757;20F;30
164;230;Directed;1758;20F;30
230;75;Directed;1759;20F;30
75;212;Directed;1760;20F;30
212;62;Directed;1761;20F;30
62;96;Directed;1762;20F;30
96;62;Directed;1763;20U;30
62;6;Directed;1764;20U;30
6;212;Directed;1765;20U;30
212;230;Directed;1766;20U;30
230;164;Directed;1767;20U;30
164;255;Directed;1768;20U;30
255;45;Directed;1769;20U;30
45;196;Directed;1770;20U;30
196;21;Directed;1771;20U;30
21;77;Directed;1772;20U;30
27;184;Directed;1773;21-21A;50
184;96;Directed;1774;21-21A;50
96;62;Directed;1775;21-21A;50
62;212;Directed;1776;21-21A;50
212;75;Directed;1777;21-21A;50
75;230;Directed;1778;21-21A;50
230;164;Directed;1779;21-21A;50
164;255;Directed;1780;21-21A;50
255;45;Directed;1781;21-21A;50
45;196;Directed;1782;21-21A;50
196;21;Directed;1783;21-21A;50
21;214;Directed;1784;21-21A;50
214;159;Directed;1785;21-21A;50
159;240;Directed;1786;21-21A;50
240;136;Directed;1787;21-21A;50
136;154;Directed;1788;21-21A;50
154;175;Directed;1789;21-21A;50
175;242;Directed;1790;21-21A;50
242;175;Directed;1791;121;50
175;154;Directed;1792;121;50
154;136;Directed;1793;121;50
136;240;Directed;1794;121;50
240;159;Directed;1795;121;50
159;214;Directed;1796;121;50
214;21;Directed;1797;121;50
21;196;Directed;1798;121;50
196;45;Directed;1799;121;50
45;255;Directed;1800;121;50
255;164;Directed;1801;121;50
164;230;Directed;1802;121;50
230;212;Directed;1803;121;50
212;62;Directed;1804;121;50
62;96;Directed;1805;121;50
96;184;Directed;1806;121;50
184;27;Directed;1807;121;50
27;20;Directed;1808;121;50
20;142;Directed;1809;121;50
142;135;Directed;1810;121;50
135;138;Directed;1811;121;50
138;245;Directed;1812;121;50
245;53;Directed;1813;121;50
53;120;Directed;1814;121;50
120;53;Directed;1815;121;30
53;245;Directed;1816;121;30
245;138;Directed;1817;121;30
138;135;Directed;1818;121;30
135;142;Directed;1819;121;30
142;20;Directed;1820;121;30
20;27;Directed;1821;121;30
27;184;Directed;1822;121;30
184;96;Directed;1823;121;30
96;62;Directed;1824;121;30
62;212;Directed;1825;121;30
212;230;Directed;1826;121;30
230;164;Directed;1827;121;30
164;255;Directed;1828;121;30
255;45;Directed;1829;121;30
45;196;Directed;1830;121;30
196;21;Directed;1831;121;30
21;214;Directed;1832;121;30
214;159;Directed;1833;121;30
159;240;Directed;1834;121;30
240;136;Directed;1835;121;30
136;154;Directed;1836;121;30
154;175;Directed;1837;121;30
175;242;Directed;1838;121;30
242;175;Directed;1839;121F;50
175;154;Directed;1840;121F;50
154;136;Directed;1841;121F;50
136;240;Directed;1842;121F;50
240;159;Directed;1843;121F;50
159;214;Directed;1844;121F;50
214;21;Directed;1845;121F;50
21;196;Directed;1846;121F;50
196;45;Directed;1847;121F;50
45;255;Directed;1848;121F;50
255;164;Directed;1849;121F;50
164;230;Directed;1850;121F;50
230;75;Directed;1851;121F;50
75;212;Directed;1852;121F;50
212;62;Directed;1853;121F;50
62;96;Directed;1854;121F;50
96;184;Directed;1855;121F;50
184;27;Directed;1856;121F;50
27;20;Directed;1857;121F;50
20;142;Directed;1858;121F;50
142;135;Directed;1859;121F;50
135;138;Directed;1860;121F;50
138;245;Directed;1861;121F;50
245;53;Directed;1862;121F;50
53;120;Directed;1863;121F;50
120;53;Directed;1864;121F;50
53;245;Directed;1865;121F;50
245;138;Directed;1866;121F;50
138;135;Directed;1867;121F;50
135;142;Directed;1868;121F;50
142;20;Directed;1869;121F;50
20;27;Directed;1870;121F;50
27;184;Directed;1871;121F;50
184;96;Directed;1872;121F;50
96;62;Directed;1873;121F;50
62;212;Directed;1874;121F;50
212;75;Directed;1875;121F;50
75;230;Directed;1876;121F;50
230;164;Directed;1877;121F;50
164;255;Directed;1878;121F;50
255;45;Directed;1879;121F;50
45;196;Directed;1880;121F;50
196;21;Directed;1881;121F;50
21;214;Directed;1882;121F;50
214;159;Directed;1883;121F;50
159;240;Directed;1884;121F;50
240;136;Directed;1885;121F;50
136;154;Directed;1886;121F;50
154;175;Directed;1887;121F;50
175;242;Directed;1888;121F;50
242;175;Directed;1889;121U;30
175;154;Directed;1890;121U;30
154;136;Directed;1891;121U;30
136;240;Directed;1892;121U;30
240;159;Directed;1893;121U;30
159;214;Directed;1894;121U;30
214;21;Directed;1895;121U;30
21;196;Directed;1896;121U;30
196;45;Directed;1897;121U;30
45;255;Directed;1898;121U;30
255;164;Directed;1899;121U;30
164;230;Directed;1900;121U;30
230;212;Directed;1901;121U;30
212;6;Directed;1902;121U;30
6;62;Directed;1903;121U;30
62;96;Directed;1904;121U;30
96;184;Directed;1905;121U;30
184;27;Directed;1906;121U;30
27;20;Directed;1907;121U;30
20;142;Directed;1908;121U;30
142;135;Directed;1909;121U;30
135;138;Directed;1910;121U;30
138;245;Directed;1911;121U;30
245;53;Directed;1912;121U;30
53;120;Directed;1913;121U;30
120;53;Directed;1914;121U;50
53;245;Directed;1915;121U;50
245;138;Directed;1916;121U;50
138;135;Directed;1917;121U;50
135;142;Directed;1918;121U;50
142;20;Directed;1919;121U;50
20;27;Directed;1920;121U;50
27;184;Directed;1921;121U;50
184;96;Directed;1922;121U;50
96;62;Directed;1923;121U;50
62;6;Directed;1924;121U;50
6;212;Directed;1925;121U;50
212;230;Directed;1926;121U;50
230;164;Directed;1927;121U;50
164;255;Directed;1928;121U;50
255;45;Directed;1929;121U;50
45;196;Directed;1930;121U;50
196;21;Directed;1931;121U;50
21;214;Directed;1932;121U;50
214;159;Directed;1933;121U;50
159;240;Directed;1934;121U;50
240;136;Directed;1935;121U;50
136;154;Directed;1936;121U;50
154;175;Directed;1937;121U;50
175;242;Directed;1938;121U;50
242;183;Directed;1939;22U;30
183;92;Directed;1940;22U;30
92;243;Directed;1941;22U;30
243;78;Directed;1942;22U;30
78;63;Directed;1943;22U;30
63;244;Directed;1944;22U;30
244;105;Directed;1945;22U;30
105;153;Directed;1946;22U;30
153;170;Directed;1947;22U;30
170;153;Directed;1948;22;30
153;105;Directed;1949;22;30
105;244;Directed;1950;22;30
244;63;Directed;1951;22;30
63;78;Directed;1952;22;30
78;243;Directed;1953;22;30
243;92;Directed;1954;22;30
92;183;Directed;1955;22;30
183;242;Directed;1956;22;30
242;175;Directed;1957;22;30
175;154;Directed;1958;22;30
154;174;Directed;1959;22;30
174;240;Directed;1960;22;30
240;159;Directed;1961;22;30
159;214;Directed;1962;22;30
214;256;Directed;1963;22;30
256;15;Directed;1964;22;30
15;196;Directed;1965;22;30
196;21;Directed;1966;22;30
21;42;Directed;1967;22;30
42;31;Directed;1968;22;30
31;232;Directed;1969;22;30
232;14;Directed;1970;22;30
14;66;Directed;1971;22;30
66;4;Directed;1972;22;30
4;229;Directed;1973;22;30
229;120;Directed;1974;22;30
242;183;Directed;1975;23U;30
183;92;Directed;1976;23U;30
92;243;Directed;1977;23U;30
243;99;Directed;1978;23U;30
99;119;Directed;1979;23U;30
119;244;Directed;1980;23U;30
244;105;Directed;1981;23U;30
105;56;Directed;1982;23U;30
56;105;Directed;1983;23;120
105;244;Directed;1984;23;120
244;119;Directed;1985;23;120
119;99;Directed;1986;23;120
99;243;Directed;1987;23;120
243;92;Directed;1988;23;120
92;183;Directed;1989;23;120
183;242;Directed;1990;23;120
242;175;Directed;1991;23;120
175;154;Directed;1992;23;120
154;174;Directed;1993;23;120
174;240;Directed;1994;23;120
240;159;Directed;1995;23;120
159;214;Directed;1996;23;120
214;256;Directed;1997;23;120
256;15;Directed;1998;23;120
15;196;Directed;1999;23;120
196;21;Directed;2000;23;120
21;42;Directed;2001;23;120
42;31;Directed;2002;23;120
31;232;Directed;2003;23;120
232;14;Directed;2004;23;120
14;66;Directed;2005;23;120
66;4;Directed;2006;23;120
4;229;Directed;2007;23;120
229;120;Directed;2008;23;120
242;183;Directed;2009;24U;30
183;92;Directed;2010;24U;30
92;243;Directed;2011;24U;30
243;78;Directed;2012;24U;30
78;63;Directed;2013;24U;30
63;244;Directed;2014;24U;30
244;1;Directed;2015;24U;30
1;121;Directed;2016;24U;30
121;157;Directed;2017;24U;30
157;121;Directed;2018;24;60
121;1;Directed;2019;24;60
1;244;Directed;2020;24;60
244;63;Directed;2021;24;60
63;78;Directed;2022;24;60
78;243;Directed;2023;24;60
243;92;Directed;2024;24;60
92;183;Directed;2025;24;60
183;242;Directed;2026;24;60
242;175;Directed;2027;24;60
175;154;Directed;2028;24;60
154;174;Directed;2029;24;60
174;240;Directed;2030;24;60
240;159;Directed;2031;24;60
159;214;Directed;2032;24;60
214;256;Directed;2033;24;60
256;15;Directed;2034;24;60
15;196;Directed;2035;24;60
196;21;Directed;2036;24;60
21;42;Directed;2037;24;60
42;31;Directed;2038;24;60
31;232;Directed;2039;24;60
232;14;Directed;2040;24;60
14;66;Directed;2041;24;60
66;4;Directed;2042;24;60
4;229;Directed;2043;24;60
229;120;Directed;2044;24;60
43;83;Directed;2045;25;120
83;164;Directed;2046;25;120
164;65;Directed;2047;25;120
65;60;Directed;2048;25;120
60;65;Directed;2049;25;120
65;191;Directed;2050;25;120
191;140;Directed;2051;25;120
140;38;Directed;2052;25;120
38;144;Directed;2053;25;120
144;45;Directed;2054;25;120
45;15;Directed;2055;25;120
15;256;Directed;2056;25;120
256;127;Directed;2057;25;120
127;187;Directed;2058;25;120
187;222;Directed;2059;25;120
222;64;Directed;2060;25;120
64;87;Directed;2061;25;120
87;190;Directed;2062;25;120
190;174;Directed;2063;25;120
174;242;Directed;2064;25;120
242;40;Directed;2065;25;120
40;195;Directed;2066;25;120
195;181;Directed;2067;25;120
181;182;Directed;2068;25;120
182;129;Directed;2069;25;120
129;33;Directed;2070;25;120
33;129;Directed;2071;25;120
129;182;Directed;2072;25;120
182;181;Directed;2073;25;120
181;195;Directed;2074;25;120
195;40;Directed;2075;25;120
40;242;Directed;2076;25;120
242;173;Directed;2077;25;120
173;190;Directed;2078;25;120
190;220;Directed;2079;25;120
220;87;Directed;2080;25;120
87;64;Directed;2081;25;120
64;187;Directed;2082;25;120
187;127;Directed;2083;25;120
127;256;Directed;2084;25;120
256;15;Directed;2085;25;120
15;196;Directed;2086;25;120
196;45;Directed;2087;25;120
45;144;Directed;2088;25;120
144;38;Directed;2089;25;120
38;140;Directed;2090;25;120
140;191;Directed;2091;25;120
191;65;Directed;2092;25;120
65;60;Directed;2093;25;120
60;65;Directed;2094;25;120
65;164;Directed;2095;25;120
164;83;Directed;2096;25;120
83;43;Directed;2097;25;120
242;40;Directed;2098;25A;130
40;195;Directed;2099;25A;130
195;181;Directed;2100;25A;130
181;236;Directed;2101;25A;130
236;29;Directed;2102;25AB;120
29;172;Directed;2103;25AB;120
172;181;Directed;2104;25AB;120
181;195;Directed;2105;25AB;120
195;40;Directed;2106;25AB;120
40;242;Directed;2107;25AB;120
242;40;Directed;2108;26U;50
40;195;Directed;2109;26U;50
195;181;Directed;2110;26U;50
181;128;Directed;2111;26U;50
128;137;Directed;2112;26U;50
137;185;Directed;2113;26U;50
185;50;Directed;2114;26U;50
50;49;Directed;2115;26U;50
49;102;Directed;2116;26U;50
43;83;Directed;2117;26;200
83;164;Directed;2118;26;200
164;65;Directed;2119;26;200
65;191;Directed;2120;26;200
191;140;Directed;2121;26;200
140;38;Directed;2122;26;200
38;144;Directed;2123;26;200
144;45;Directed;2124;26;200
45;15;Directed;2125;26;200
15;256;Directed;2126;26;200
256;127;Directed;2127;26;200
127;187;Directed;2128;26;200
187;222;Directed;2129;26;200
222;64;Directed;2130;26;200
64;87;Directed;2131;26;200
87;190;Directed;2132;26;200
190;174;Directed;2133;26;200
174;242;Directed;2134;26;200
242;40;Directed;2135;26;200
40;195;Directed;2136;26;200
195;181;Directed;2137;26;200
181;128;Directed;2138;26;200
128;137;Directed;2139;26;200
137;185;Directed;2140;26;200
185;50;Directed;2141;26;200
50;49;Directed;2142;26;200
49;102;Directed;2143;26;200
102;49;Directed;2144;26;250
49;50;Directed;2145;26;250
50;185;Directed;2146;26;250
185;137;Directed;2147;26;250
137;128;Directed;2148;26;250
128;181;Directed;2149;26;250
181;195;Directed;2150;26;250
195;40;Directed;2151;26;250
40;242;Directed;2152;26;250
242;173;Directed;2153;26;250
173;190;Directed;2154;26;250
190;222;Directed;2155;26;250
222;87;Directed;2156;26;250
87;64;Directed;2157;26;250
64;187;Directed;2158;26;250
187;127;Directed;2159;26;250
127;256;Directed;2160;26;250
256;15;Directed;2161;26;250
15;196;Directed;2162;26;250
196;45;Directed;2163;26;250
45;144;Directed;2164;26;250
144;38;Directed;2165;26;250
38;140;Directed;2166;26;250
140;191;Directed;2167;26;250
191;65;Directed;2168;26;250
65;164;Directed;2169;26;250
164;83;Directed;2170;26;250
83;43;Directed;2171;26;250
120;53;Directed;2172;62;180
53;238;Directed;2173;62;180
238;80;Directed;2174;62;180
80;149;Directed;2175;62;180
149;52;Directed;2176;62;180
52;72;Directed;2177;62;180
72;52;Directed;2178;122;60
52;149;Directed;2179;122;60
149;80;Directed;2180;122;60
80;238;Directed;2181;122;60
238;53;Directed;2182;122;60
53;229;Directed;2183;122;60
229;4;Directed;2184;122;60
4;66;Directed;2185;122;60
66;14;Directed;2186;122;60
14;227;Directed;2187;122;60
227;42;Directed;2188;122;60
42;21;Directed;2189;122;60
21;15;Directed;2190;122;60
15;256;Directed;2191;122;60
256;214;Directed;2192;122;60
214;159;Directed;2193;122;60
159;240;Directed;2194;122;60
240;174;Directed;2195;122;60
174;154;Directed;2196;122;60
154;175;Directed;2197;122;60
175;242;Directed;2198;122;60
242;183;Directed;2199;122;60
183;92;Directed;2200;122;60
92;243;Directed;2201;122;60
243;78;Directed;2202;122;60
78;63;Directed;2203;122;60
63;244;Directed;2204;122;60
244;105;Directed;2205;122;60
105;153;Directed;2206;122;60
153;170;Directed;2207;122;60
72;52;Directed;2208;123-123Y;90
52;149;Directed;2209;123-123Y;90
149;80;Directed;2210;123-123Y;90
80;238;Directed;2211;123-123Y;90
238;53;Directed;2212;123-123Y;90
53;229;Directed;2213;123-123Y;90
229;4;Directed;2214;123-123Y;90
4;66;Directed;2215;123-123Y;90
66;14;Directed;2216;123-123Y;90
14;227;Directed;2217;123-123Y;90
227;42;Directed;2218;123-123Y;90
42;21;Directed;2219;123-123Y;90
21;15;Directed;2220;123-123Y;90
15;256;Directed;2221;123-123Y;90
256;214;Directed;2222;123-123Y;90
214;159;Directed;2223;123-123Y;90
159;240;Directed;2224;123-123Y;90
240;174;Directed;2225;123-123Y;90
174;154;Directed;2226;123-123Y;90
154;175;Directed;2227;123-123Y;90
175;242;Directed;2228;123-123Y;90
242;183;Directed;2229;123-123Y;90
183;92;Directed;2230;123-123Y;90
92;243;Directed;2231;123-123Y;90
243;78;Directed;2232;123-123Y;90
78;63;Directed;2233;123-123Y;90
63;244;Directed;2234;123-123Y;90
244;105;Directed;2235;123-123Y;90
105;56;Directed;2236;123-123Y;90
72;52;Directed;2237;124;90
52;149;Directed;2238;124;90
149;80;Directed;2239;124;90
80;238;Directed;2240;124;90
238;53;Directed;2241;124;90
53;229;Directed;2242;124;90
229;4;Directed;2243;124;90
4;66;Directed;2244;124;90
66;14;Directed;2245;124;90
14;227;Directed;2246;124;90
227;42;Directed;2247;124;90
42;21;Directed;2248;124;90
21;15;Directed;2249;124;90
15;256;Directed;2250;124;90
256;214;Directed;2251;124;90
214;159;Directed;2252;124;90
159;240;Directed;2253;124;90
240;174;Directed;2254;124;90
174;154;Directed;2255;124;90
154;175;Directed;2256;124;90
175;242;Directed;2257;124;90
242;183;Directed;2258;124;90
183;92;Directed;2259;124;90
92;243;Directed;2260;124;90
243;78;Directed;2261;124;90
78;63;Directed;2262;124;90
63;244;Directed;2263;124;90
244;1;Directed;2264;124;90
1;121;Directed;2265;124;90
121;157;Directed;2266;124;90
242;173;Directed;2267;27;120
173;190;Directed;2268;27;120
190;220;Directed;2269;27;120
220;87;Directed;2270;27;120
87;64;Directed;2271;27;120
64;187;Directed;2272;27;120
187;127;Directed;2273;27;120
127;256;Directed;2274;27;120
256;15;Directed;2275;27;120
15;196;Directed;2276;27;120
196;45;Directed;2277;27;120
45;144;Directed;2278;27;120
144;38;Directed;2279;27;120
38;140;Directed;2280;27;120
140;191;Directed;2281;27;120
191;65;Directed;2282;27;120
65;197;Directed;2283;27;120
197;91;Directed;2284;27;120
91;171;Directed;2285;27;120
171;90;Directed;2286;27;120
90;146;Directed;2287;27;120
146;204;Directed;2288;27;120
204;218;Directed;2289;27;120
218;126;Directed;2290;27;120
126;30;Directed;2291;27;120
30;71;Directed;2292;27;120
71;81;Directed;2293;27;120
81;71;Directed;2294;27;120
71;30;Directed;2295;27;120
30;126;Directed;2296;27;120
126;218;Directed;2297;27;120
218;204;Directed;2298;27;120
204;146;Directed;2299;27;120
146;90;Directed;2300;27;120
90;171;Directed;2301;27;120
171;91;Directed;2302;27;120
91;197;Directed;2303;27;120
197;65;Directed;2304;27;120
65;191;Directed;2305;27;120
191;140;Directed;2306;27;120
140;38;Directed;2307;27;120
38;144;Directed;2308;27;120
144;45;Directed;2309;27;120
45;15;Directed;2310;27;120
15;256;Directed;2311;27;120
256;127;Directed;2312;27;120
127;187;Directed;2313;27;120
187;222;Directed;2314;27;120
222;64;Directed;2315;27;120
64;87;Directed;2316;27;120
87;190;Directed;2317;27;120
190;174;Directed;2318;27;120
174;242;Directed;2319;27;120
242;173;Directed;2320;28;120
173;190;Directed;2321;28;120
190;220;Directed;2322;28;120
220;87;Directed;2323;28;120
87;64;Directed;2324;28;120
64;187;Directed;2325;28;120
187;127;Directed;2326;28;120
127;256;Directed;2327;28;120
256;15;Directed;2328;28;120
15;196;Directed;2329;28;120
196;45;Directed;2330;28;120
45;3;Directed;2331;28;120
3;202;Directed;2332;28;120
202;89;Directed;2333;28;120
89;28;Directed;2334;28;120
28;111;Directed;2335;28;120
111;91;Directed;2336;28;120
91;115;Directed;2337;28;120
115;41;Directed;2338;28;120
41;74;Directed;2339;28;120
74;10;Directed;2340;28;120
10;74;Directed;2341;28;120
74;41;Directed;2342;28;120
41;115;Directed;2343;28;120
115;91;Directed;2344;28;120
91;111;Directed;2345;28;120
111;28;Directed;2346;28;120
28;89;Directed;2347;28;120
89;202;Directed;2348;28;120
202;3;Directed;2349;28;120
3;45;Directed;2350;28;120
45;15;Directed;2351;28;120
15;256;Directed;2352;28;120
256;127;Directed;2353;28;120
127;187;Directed;2354;28;120
187;222;Directed;2355;28;120
222;64;Directed;2356;28;120
64;87;Directed;2357;28;120
87;190;Directed;2358;28;120
190;174;Directed;2359;28;120
174;242;Directed;2360;28;120
77;246;Directed;2361;30;600
246;256;Directed;2362;30;600
256;127;Directed;2363;30;600
127;26;Directed;2364;30;600
26;7;Directed;2365;30;600
7;101;Directed;2366;30;600
101;124;Directed;2367;30;600
124;101;Directed;2368;30;485
101;7;Directed;2369;30;485
7;26;Directed;2370;30;485
26;127;Directed;2371;30;485
127;256;Directed;2372;30;485
256;246;Directed;2373;30;485
246;77;Directed;2374;30;485
120;53;Directed;2375;130;150
53;245;Directed;2376;130;150
245;203;Directed;2377;130;150
203;169;Directed;2378;130;150
169;247;Directed;2379;130;150
247;85;Directed;2380;130;150
85;221;Directed;2381;130;150
221;37;Directed;2382;130;150
37;42;Directed;2383;130;150
42;104;Directed;2384;130;150
104;77;Directed;2385;130;150
77;246;Directed;2386;130;150
246;256;Directed;2387;130;150
256;127;Directed;2388;130;150
127;26;Directed;2389;130;150
26;7;Directed;2390;130;150
7;101;Directed;2391;130;150
101;124;Directed;2392;130;150
124;101;Directed;2393;130;150
101;7;Directed;2394;130;150
7;26;Directed;2395;130;150
26;127;Directed;2396;130;150
127;256;Directed;2397;130;150
256;77;Directed;2398;130;150
77;246;Directed;2399;130;150
246;21;Directed;2400;130;150
21;42;Directed;2401;130;150
42;37;Directed;2402;130;150
37;221;Directed;2403;130;150
221;85;Directed;2404;130;150
85;247;Directed;2405;130;150
247;169;Directed;2406;130;150
169;203;Directed;2407;130;150
203;138;Directed;2408;130;150
138;245;Directed;2409;130;150
245;53;Directed;2410;130;150
53;120;Directed;2411;130;150
254;255;Directed;2412;30Y;30
255;45;Directed;2413;30Y;30
45;3;Directed;2414;30Y;30
3;234;Directed;2415;30Y;30
234;106;Directed;2416;30Y;30
106;5;Directed;2417;30Y;30
5;26;Directed;2418;30Y;30
26;7;Directed;2419;30Y;30
7;101;Directed;2420;30Y;30
101;124;Directed;2421;30Y;30
124;101;Directed;2422;30Y;30
101;7;Directed;2423;30Y;30
7;26;Directed;2424;30Y;30
26;5;Directed;2425;30Y;30
5;106;Directed;2426;30Y;30
106;234;Directed;2427;30Y;30
234;3;Directed;2428;30Y;30
3;45;Directed;2429;30Y;30
45;255;Directed;2430;30Y;30
255;254;Directed;2431;30Y;30
77;246;Directed;2432;31;150
246;256;Directed;2433;31;150
256;127;Directed;2434;31;150
127;26;Directed;2435;31;150
26;54;Directed;2436;31;150
54;225;Directed;2437;31;150
225;112;Directed;2438;31;150
112;165;Directed;2439;31;150
165;51;Directed;2440;31;150
51;123;Directed;2441;31;150
123;189;Directed;2442;31;150
189;213;Directed;2443;31;150
213;179;Directed;2444;31;150
179;223;Directed;2445;31;150
223;235;Directed;2446;31;150
235;237;Directed;2447;31;150
237;235;Directed;2448;31;120
235;223;Directed;2449;31;120
223;179;Directed;2450;31;120
179;213;Directed;2451;31;120
213;189;Directed;2452;31;120
189;123;Directed;2453;31;120
123;51;Directed;2454;31;120
51;165;Directed;2455;31;120
165;112;Directed;2456;31;120
112;225;Directed;2457;31;120
225;54;Directed;2458;31;120
54;26;Directed;2459;31;120
26;127;Directed;2460;31;120
127;256;Directed;2461;31;120
256;246;Directed;2462;31;120
246;77;Directed;2463;31;120
77;246;Directed;2464;32;150
246;256;Directed;2465;32;150
256;127;Directed;2466;32;150
127;26;Directed;2467;32;150
26;5;Directed;2468;32;150
5;179;Directed;2469;32;150
179;213;Directed;2470;32;150
213;189;Directed;2471;32;150
189;123;Directed;2472;32;150
123;51;Directed;2473;32;150
51;165;Directed;2474;32;150
165;112;Directed;2475;32;150
112;225;Directed;2476;32;150
225;54;Directed;2477;32;150
54;26;Directed;2478;32;150
26;127;Directed;2479;32;150
127;256;Directed;2480;32;150
256;246;Directed;2481;32;150
246;77;Directed;2482;32;150
77;246;Directed;2483;32Y;30
246;256;Directed;2484;32Y;30
256;127;Directed;2485;32Y;30
127;26;Directed;2486;32Y;30
26;5;Directed;2487;32Y;30
5;179;Directed;2488;32Y;30
179;223;Directed;2489;32Y;30
223;235;Directed;2490;32Y;30
235;237;Directed;2491;32Y;30
237;235;Directed;2492;32Y;30
235;223;Directed;2493;32Y;30
223;179;Directed;2494;32Y;30
179;213;Directed;2495;32Y;30
213;189;Directed;2496;32Y;30
189;123;Directed;2497;32Y;30
123;51;Directed;2498;32Y;30
51;165;Directed;2499;32Y;30
165;112;Directed;2500;32Y;30
112;225;Directed;2501;32Y;30
225;54;Directed;2502;32Y;30
54;26;Directed;2503;32Y;30
26;127;Directed;2504;32Y;30
127;256;Directed;2505;32Y;30
256;246;Directed;2506;32Y;30
246;77;Directed;2507;32Y;30
77;246;Directed;2508;33;180
246;15;Directed;2509;33;180
15;196;Directed;2510;33;180
196;45;Directed;2511;33;180
45;3;Directed;2512;33;180
3;234;Directed;2513;33;180
234;106;Directed;2514;33;180
106;5;Directed;2515;33;180
5;179;Directed;2516;33;180
179;223;Directed;2517;33;180
223;235;Directed;2518;33;180
235;237;Directed;2519;33;180
237;235;Directed;2520;33;180
235;223;Directed;2521;33;180
223;179;Directed;2522;33;180
179;5;Directed;2523;33;180
5;106;Directed;2524;33;180
106;234;Directed;2525;33;180
234;3;Directed;2526;33;180
3;45;Directed;2527;33;180
45;15;Directed;2528;33;180
15;246;Directed;2529;33;180
246;77;Directed;2530;33;180
77;256;Directed;2531;34;120
256;127;Directed;2532;34;120
127;26;Directed;2533;34;120
26;5;Directed;2534;34;120
5;179;Directed;2535;34;120
179;155;Directed;2536;34;120
155;131;Directed;2537;34;120
131;95;Directed;2538;34;120
95;8;Directed;2539;34;120
8;151;Directed;2540;34;120
151;25;Directed;2541;34;120
25;216;Directed;2542;34;120
216;25;Directed;2543;34;120
25;151;Directed;2544;34;120
151;61;Directed;2545;34;120
61;8;Directed;2546;34;120
8;95;Directed;2547;34;120
95;131;Directed;2548;34;120
131;179;Directed;2549;34;120
179;5;Directed;2550;34;120
5;26;Directed;2551;34;120
26;127;Directed;2552;34;120
127;256;Directed;2553;34;120
256;77;Directed;2554;34;120
77;256;Directed;2555;36;180
256;127;Directed;2556;36;180
127;26;Directed;2557;36;180
26;54;Directed;2558;36;180
54;225;Directed;2559;36;180
225;112;Directed;2560;36;180
112;165;Directed;2561;36;180
165;12;Directed;2562;36;180
12;134;Directed;2563;36;180
134;22;Directed;2563;36;180
22;23;Directed;2564;36;180
23;22;Directed;2565;36;180
22;134;Directed;2566;36;180
134;12;Directed;2567;36;180
12;165;Directed;2568;36;180
165;112;Directed;2569;36;180
112;225;Directed;2570;36;180
225;54;Directed;2571;36;180
54;26;Directed;2572;36;180
26;127;Directed;2573;36;180
127;256;Directed;2574;36;180
256;77;Directed;2575;36;180
77;256;Directed;2576;37;150
256;127;Directed;2577;37;150
127;187;Directed;2578;37;150
187;7;Directed;2579;37;150
7;84;Directed;2580;37;150
84;200;Directed;2581;37;150
200;12;Directed;2582;37;150
12;59;Directed;2583;37;150
59;82;Directed;2584;37;150
82;141;Directed;2585;37;150
141;58;Directed;2586;37;150
58;141;Directed;2587;37;180
141;82;Directed;2588;37;180
82;59;Directed;2589;37;180
59;12;Directed;2590;37;180
12;200;Directed;2591;37;180
200;84;Directed;2592;37;180
84;210;Directed;2593;37;180
210;7;Directed;2594;37;180
7;187;Directed;2595;37;180
187;127;Directed;2596;37;180
127;256;Directed;2597;37;180
256;77;Directed;2598;37;180
77;256;Directed;2599;38;120
256;15;Directed;2600;38;120
15;196;Directed;2601;38;120
196;45;Directed;2602;38;120
45;3;Directed;2603;38;120
3;202;Directed;2604;38;120
202;89;Directed;2605;38;120
89;28;Directed;2606;38;120
28;111;Directed;2607;38;120
111;91;Directed;2608;38;120
91;115;Directed;2609;38;120
115;41;Directed;2610;38;120
41;74;Directed;2611;38;120
74;9;Directed;2612;38;120
9;139;Directed;2613;38;120
139;9;Directed;2614;38;120
9;74;Directed;2615;38;120
74;41;Directed;2616;38;120
41;115;Directed;2617;38;120
115;91;Directed;2618;38;120
91;111;Directed;2619;38;120
111;28;Directed;2620;38;120
28;89;Directed;2621;38;120
89;202;Directed;2622;38;120
202;3;Directed;2623;38;120
3;45;Directed;2624;38;120
45;15;Directed;2625;38;120
15;256;Directed;2626;38;120
256;77;Directed;2627;38;120
77;256;Directed;2628;39;120
256;15;Directed;2629;39;120
15;196;Directed;2630;39;120
196;45;Directed;2631;39;120
45;3;Directed;2632;39;120
3;202;Directed;2633;39;120
202;68;Directed;2634;39;120
68;163;Directed;2635;39;120
163;215;Directed;2636;39;120
215;86;Directed;2637;39;120
86;215;Directed;2638;39;120
215;163;Directed;2639;39;120
163;68;Directed;2640;39;120
68;202;Directed;2641;39;120
202;3;Directed;2642;39;120
3;45;Directed;2643;39;120
45;15;Directed;2644;39;120
15;256;Directed;2645;39;120
256;77;Directed;2646;39;120
77;256;Directed;2647;40;150
256;15;Directed;2648;40;150
15;196;Directed;2649;40;150
196;45;Directed;2650;40;150
45;144;Directed;2651;40;150
144;38;Directed;2652;40;150
38;140;Directed;2653;40;150
140;191;Directed;2654;40;150
191;65;Directed;2655;40;150
65;111;Directed;2656;40;150
111;91;Directed;2657;40;150
91;171;Directed;2658;40;150
171;90;Directed;2659;40;150
90;146;Directed;2660;40;150
146;204;Directed;2661;40;150
204;218;Directed;2662;40;150
218;126;Directed;2663;40;150
126;30;Directed;2664;40;150
30;71;Directed;2665;40;150
71;81;Directed;2666;40;150
81;71;Directed;2667;40;150
71;30;Directed;2668;40;150
30;126;Directed;2669;40;150
126;218;Directed;2670;40;150
218;204;Directed;2671;40;150
204;146;Directed;2672;40;150
146;90;Directed;2673;40;150
90;171;Directed;2674;40;150
171;91;Directed;2675;40;150
91;111;Directed;2676;40;150
111;65;Directed;2677;40;150
65;191;Directed;2678;40;150
191;140;Directed;2679;40;150
140;38;Directed;2680;40;150
38;144;Directed;2681;40;150
144;45;Directed;2682;40;150
45;15;Directed;2683;40;150
15;256;Directed;2684;40;150
256;77;Directed;2685;40;150
81;71;Directed;2686;140;30
71;30;Directed;2687;140;30
30;126;Directed;2688;140;30
126;218;Directed;2689;140;30
218;204;Directed;2690;140;30
204;146;Directed;2691;140;30
146;90;Directed;2692;140;30
90;171;Directed;2693;140;30
171;91;Directed;2694;140;30
91;111;Directed;2695;140;30
111;28;Directed;2696;140;30
28;45;Directed;2697;140;30
45;15;Directed;2698;140;30
15;256;Directed;2699;140;30
256;77;Directed;2700;140;30
77;21;Directed;2701;41;160
21;42;Directed;2702;41;160
42;31;Directed;2703;41;160
31;232;Directed;2704;41;160
232;231;Directed;2705;41;160
231;20;Directed;2706;41;160
20;98;Directed;2707;41;160
98;114;Directed;2708;41;160
114;239;Directed;2709;41;160
239;252;Directed;2710;41;160
252;193;Directed;2711;41;160
193;192;Directed;2712;41;160
192;194;Directed;2713;41;160
194;198;Directed;2714;41;160
198;194;Directed;2715;41;160
194;192;Directed;2716;41;160
192;193;Directed;2717;41;160
193;252;Directed;2718;41;160
252;239;Directed;2719;41;160
239;114;Directed;2720;41;160
114;98;Directed;2721;41;160
98;20;Directed;2722;41;160
20;231;Directed;2723;41;160
231;232;Directed;2724;41;160
232;31;Directed;2725;41;160
31;42;Directed;2726;41;160
42;21;Directed;2727;41;160
21;77;Directed;2728;41;160
239;114;Directed;2729;141;50
114;98;Directed;2730;141;50
98;20;Directed;2731;141;50
20;21;Directed;2732;141;50
21;77;Directed;2733;141;50
77;21;Directed;2734;42;180
21;42;Directed;2735;42;180
42;31;Directed;2736;42;180
31;103;Directed;2737;42;180
103;233;Directed;2738;42;180
233;47;Directed;2739;42;180
47;133;Directed;2740;42;180
133;122;Directed;2741;42;180
122;168;Directed;2742;42;180
168;122;Directed;2743;42;150
122;133;Directed;2744;42;150
133;47;Directed;2745;42;150
47;233;Directed;2746;42;150
233;103;Directed;2747;42;150
103;31;Directed;2748;42;150
31;42;Directed;2749;42;150
42;21;Directed;2750;42;150
21;77;Directed;2751;42;150
168;122;Directed;2752;142;30
122;98;Directed;2753;142;30
98;20;Directed;2754;142;30
20;142;Directed;2755;142;30
142;4;Directed;2756;142;30
4;229;Directed;2757;142;30
229;53;Directed;2758;142;30
53;238;Directed;2759;142;30
238;80;Directed;2760;142;30
80;149;Directed;2761;142;30
149;52;Directed;2762;142;30
52;72;Directed;2763;142;30
77;246;Directed;2764;44;90
246;256;Directed;2765;44;90
256;127;Directed;2766;44;90
127;219;Directed;2767;44;90
219;46;Directed;2768;44;90
46;167;Directed;2769;44;90
167;180;Directed;2770;44;90
180;217;Directed;2771;44;90
217;152;Directed;2772;44;90
152;76;Directed;2773;44;90
76;3;Directed;2774;44;90
3;45;Directed;2775;44;90
45;196;Directed;2776;44;90
196;246;Directed;2777;44;90
246;77;Directed;2778;44;90
124;101;Directed;2779;55;500
101;7;Directed;2780;55;500
7;187;Directed;2781;55;500
187;222;Directed;2782;55;500
222;64;Directed;2783;55;500
64;186;Directed;2784;55;500
186;158;Directed;2785;55;500
158;70;Directed;2786;55;500
70;247;Directed;2787;55;500
247;169;Directed;2788;55;500
169;203;Directed;2789;55;500
203;138;Directed;2790;55;500
138;135;Directed;2791;55;500
135;4;Directed;2792;55;500
4;229;Directed;2793;55;500
229;53;Directed;2794;55;500
53;245;Directed;2795;55;500
245;203;Directed;2796;55;500
203;169;Directed;2797;55;500
169;247;Directed;2798;55;500
247;70;Directed;2799;55;500
70;158;Directed;2800;55;500
158;186;Directed;2801;55;500
186;64;Directed;2802;55;500
64;187;Directed;2803;55;500
187;7;Directed;2804;55;500
7;101;Directed;2805;55;500
101;124;Directed;2806;55;500
135;4;Directed;2807;55K;100
4;229;Directed;2808;55K;100
229;53;Directed;2809;55K;100
53;245;Directed;2810;55K;100
245;203;Directed;2811;55K;100
203;169;Directed;2812;55K;100
169;247;Directed;2813;55K;100
247;70;Directed;2814;55K;100
70;158;Directed;2815;55K;100
158;186;Directed;2816;55K;100
186;64;Directed;2817;55K;100
64;187;Directed;2818;55K;100
187;7;Directed;2819;55K;100
7;101;Directed;2820;55K;100
101;124;Directed;2821;55K;100
124;101;Directed;2822;55Y;50
101;7;Directed;2823;55Y;50
7;187;Directed;2824;55Y;50
187;222;Directed;2825;55Y;50
222;64;Directed;2826;55Y;50
64;186;Directed;2827;55Y;50
186;158;Directed;2828;55Y;50
158;70;Directed;2829;55Y;50
70;247;Directed;2830;55Y;50
247;169;Directed;2831;55Y;50
169;203;Directed;2832;55Y;50
203;138;Directed;2833;55Y;50
138;135;Directed;2834;55Y;50
135;4;Directed;2835;55Y;50
4;229;Directed;2836;55Y;50
156;224;Directed;2837;60;200
224;16;Directed;2838;60;200
16;73;Directed;2839;60;200
73;161;Directed;2840;60;200
161;132;Directed;2841;60;200
132;162;Directed;2842;60;200
162;44;Directed;2843;60;200
44;43;Directed;2844;60;200
43;83;Directed;2845;60;200
83;164;Directed;2846;60;200
164;255;Directed;2847;60;200
255;45;Directed;2848;60;200
45;196;Directed;2849;60;200
196;21;Directed;2850;60;200
21;42;Directed;2851;60;200
42;227;Directed;2852;60;200
227;14;Directed;2853;60;200
14;66;Directed;2854;60;200
66;4;Directed;2855;60;200
4;229;Directed;2856;60;200
229;53;Directed;2857;60;200
53;245;Directed;2858;60;200
245;138;Directed;2859;60;200
138;135;Directed;2860;60;200
135;66;Directed;2861;60;200
66;14;Directed;2862;60;200
14;227;Directed;2863;60;200
227;42;Directed;2864;60;200
42;21;Directed;2865;60;200
21;196;Directed;2866;60;200
196;45;Directed;2867;60;200
45;255;Directed;2868;60;200
255;164;Directed;2869;60;200
164;83;Directed;2870;60;200
83;43;Directed;2871;60;200
43;83;Directed;2872;60;200
83;164;Directed;2873;60;200
164;255;Directed;2874;60;200
255;45;Directed;2875;60;200
45;196;Directed;2876;60;200
196;21;Directed;2877;60;200
21;42;Directed;2878;60;200
42;227;Directed;2879;60;200
227;14;Directed;2880;60;200
14;66;Directed;2881;60;200
66;4;Directed;2882;60;200
4;229;Directed;2883;60;200
229;53;Directed;2884;60;200
53;245;Directed;2885;60;200
245;138;Directed;2886;60;200
138;135;Directed;2887;60;200
135;66;Directed;2888;60;200
66;14;Directed;2889;60;200
14;227;Directed;2890;60;200
227;42;Directed;2891;60;200
42;21;Directed;2892;60;200
21;196;Directed;2893;60;200
196;45;Directed;2894;60;200
45;255;Directed;2895;60;200
255;164;Directed;2896;60;200
164;83;Directed;2897;60;200
83;43;Directed;2898;60;200
43;44;Directed;2899;60;200
44;162;Directed;2900;60;200
162;132;Directed;2901;60;200
132;161;Directed;2902;60;200
161;73;Directed;2903;60;200
73;16;Directed;2904;60;200
16;224;Directed;2905;60;200
224;156;Directed;2906;60;200
43;83;Directed;2907;60B;200
83;164;Directed;2908;60B;200
164;255;Directed;2909;60B;200
255;45;Directed;2910;60B;200
45;196;Directed;2911;60B;200
196;21;Directed;2912;60B;200
21;42;Directed;2913;60B;200
42;227;Directed;2914;60B;200
227;14;Directed;2915;60B;200
14;66;Directed;2916;60B;200
66;4;Directed;2917;60B;200
4;229;Directed;2918;60B;200
229;53;Directed;2919;60B;200
53;245;Directed;2920;60B;200
245;138;Directed;2921;60B;200
138;135;Directed;2922;60B;200
135;66;Directed;2923;60B;200
66;14;Directed;2924;60B;200
14;227;Directed;2925;60B;200
227;42;Directed;2926;60B;200
42;21;Directed;2927;60B;200
21;196;Directed;2928;60B;200
196;45;Directed;2929;60B;200
45;255;Directed;2930;60B;200
255;164;Directed;2931;60B;200
164;83;Directed;2932;60B;200
43;83;Directed;2933;60A;150
83;164;Directed;2934;60A;150
164;255;Directed;2935;60A;150
255;45;Directed;2936;60A;150
45;196;Directed;2937;60A;150
196;21;Directed;2938;60A;150
21;42;Directed;2939;60A;150
42;227;Directed;2940;60A;150
227;14;Directed;2941;60A;150
14;66;Directed;2942;60A;150
66;4;Directed;2943;60A;150
4;229;Directed;2944;60A;150
229;53;Directed;2945;60A;150
53;245;Directed;2946;60A;150
245;138;Directed;2947;60A;150
138;135;Directed;2948;60A;150
135;66;Directed;2949;60A;150
66;14;Directed;2950;60A;150
14;227;Directed;2951;60A;150
227;42;Directed;2952;60A;150
42;21;Directed;2953;60A;150
21;196;Directed;2954;60A;150
196;45;Directed;2955;60A;150
45;255;Directed;2956;60A;150
255;164;Directed;2957;60A;150
164;83;Directed;2958;60A;150
